Area,Sexo,Edad,a2002,a2003,a2004,a2005,a2006,a2007,a2008,a2009,a2010,a2011,a2012,a2013,a2014,a2015,a2016,a2017,a2018,a2019,a2020,a2021,a2022,a2023,a2024,a2025,a2026,a2027,a2028,a2029,a2030,a2031,a2032,a2033,a2034,a2035
1,1,0,109693,107528,105925,104462,104744,107130,110614,113676,114599,114151,112560,111074,111882,114025,111845,106402,104467,105731,108174,109630,109914,109648,109139,108457,107627,106676,105623,104500,103319,102910,101943,100971,100010,99091
1,1,1,110870,109368,107293,105708,104284,104584,106989,110461,113525,114530,114134,112385,110949,111789,114020,112152,107164,105215,106430,108342,109522,109746,109468,108952,108271,107442,106488,105437,104308,103132,102724,101758,100786,99826
1,1,2,111766,110645,109212,107142,105582,104169,104479,106867,110322,113456,114499,113952,112243,110837,111775,114355,112854,108071,106067,106627,108197,109299,109506,109218,108702,108024,107190,106239,105185,104061,102882,102473,101511,100541
1,1,3,114185,112051,110951,109475,107375,105779,104342,104603,106946,110433,113563,114422,113877,112157,110814,112075,114953,113775,108939,106237,106433,107917,109003,109199,108914,108398,107714,106887,105933,104886,103761,102587,102177,101216
1,1,4,115946,114431,112311,111188,109699,107574,105969,104490,104720,107105,110611,113576,114445,113903,112257,111241,112823,116036,114795,109272,106208,106325,107793,108871,109065,108777,108261,107572,106744,105788,104739,103618,102438,102028
1,1,5,117668,115746,114286,112185,111092,109629,107533,105930,104462,104773,107204,110601,113623,114536,114101,112813,112128,114035,117189,115274,109399,106254,106350,107807,108878,109072,108780,108262,107573,106741,105781,104735,103609,102430
1,1,6,119942,117837,115963,114525,112460,111392,109956,107856,106270,104883,105251,107588,111054,114141,115168,115092,114095,113717,115564,118074,115811,109837,106657,106742,108198,109265,109457,109159,108631,107938,107100,106140,105085,103953
1,1,7,122283,120300,118189,116282,114832,112736,111653,110171,108033,106480,105098,105318,107669,111136,114277,115587,115774,115065,114632,115860,118041,115713,109721,106540,106623,108076,109140,109330,109027,108499,107807,106968,106006,104953
1,1,8,124044,122215,120253,118143,116252,114804,112723,111621,110142,108064,106551,105054,105309,107682,111233,114669,116269,116718,115957,114935,115847,117963,115616,109627,106448,106525,107973,109040,109224,108918,108388,107693,106858,105895
1,1,9,125683,124166,122331,120347,118230,116321,114864,112748,111626,110182,108119,106469,104987,105249,107677,111482,115195,117013,117413,116100,114786,115640,117731,115380,109400,106224,106301,107746,108805,108989,108683,108155,107459,106620
1,1,10,129215,126074,124521,122644,120630,118475,116537,115027,112869,111762,110315,108105,106449,104956,105252,107914,112000,115908,117675,117548,115959,114589,115424,117509,115152,109182,106010,106087,107528,108584,108762,108458,107927,107234
1,1,11,133013,129925,126740,125147,123237,121181,118994,117005,115456,113312,112205,110609,108388,106723,105271,105796,108763,113028,116889,118158,117766,116119,114731,115557,117635,115281,109297,106121,106190,107624,108678,108855,108551,108018
1,1,12,131410,133774,130619,127360,125715,123743,121635,119371,117323,115770,113606,112336,110715,108461,106816,105568,106394,109553,113767,117141,118152,117705,116040,114646,115468,117541,115183,109201,106021,106088,107523,108573,108754,108444
1,1,13,129261,131438,133805,130648,127401,125748,123784,121660,119392,117398,115879,113592,112350,110750,108562,107164,106246,107269,110381,114114,117230,118189,117727,116058,114660,115474,117543,115182,109195,106012,106080,107513,108564,108741
1,1,14,123128,130012,132206,134578,131424,128163,126514,124518,122386,120167,118199,116542,114270,113044,111498,109539,108443,107721,108697,111342,114838,117917,118856,118382,116692,115280,116095,118168,115787,109772,106567,106630,108054,109100
1,1,15,119059,124184,131071,133212,135554,132322,128993,127259,125194,123058,120815,118627,116944,114639,113423,112071,110424,109485,108714,109223,111626,115072,118142,119065,118590,116894,115474,116289,118360,115970,109945,106733,106787,108214
1,1,16,115420,118805,123997,130940,133176,135599,132465,129202,127545,125627,123606,121269,119181,117591,115421,114538,113635,112044,111047,109772,110021,112371,115818,118895,119813,119328,117612,116181,116991,119063,116661,110604,107369,107415
1,1,17,114505,116065,119456,124647,131613,133840,136269,133091,129807,128205,126313,124102,121790,119719,118206,116360,116042,115095,113437,111817,110222,110393,112724,116155,119230,120138,119651,117923,116478,117282,119356,116951,110891,107643
1,1,18,114835,115008,116591,119983,125206,132192,134446,136862,133691,130498,128954,126903,124757,122487,120551,119532,118527,118070,117037,114519,112448,110747,110888,113210,116635,119703,120613,120116,118385,116928,117728,119796,117388,111312
1,1,19,115398,115500,115721,117313,120742,125994,133030,135278,137703,134642,131508,129787,127818,125731,123643,122383,122472,121284,120707,118508,115365,113148,111403,111537,113846,117274,120342,121247,120741,118996,117530,118328,120397,117977
1,1,20,115490,116481,116616,116824,118445,121893,127195,134222,136453,139003,135971,132579,130927,128995,127103,125832,125899,125824,124493,122450,119478,116150,113878,112114,112240,114551,117982,121060,121954,121434,119682,118200,118997,121068
1,1,21,113524,115798,116862,117007,117266,118918,122410,127692,134720,137102,139736,136457,133176,131608,129945,129055,129318,129233,128999,125952,123023,119854,116471,114190,112413,112532,114840,118269,121340,122224,121709,119946,118464,119252
1,1,22,112057,114238,116589,117648,117840,118116,119802,123268,128553,135753,138215,140598,137422,134207,132924,132401,133145,133328,133068,130865,126796,123638,120408,116999,114700,112917,113030,115335,118771,121842,122726,122202,120435,118941
1,1,23,111002,112051,114320,116690,117814,118042,118374,120040,123508,128955,136241,138497,141034,137972,135124,135178,136344,137138,137123,134647,131306,126989,123774,120527,117118,114821,113031,113143,115445,118866,121933,122815,122288,120517
1,1,24,110879,110910,112059,114365,116818,117994,118299,118633,120320,123967,129530,136676,139122,141807,139176,137844,139539,140970,141538,139054,135298,131667,127289,124053,120799,117382,115080,113287,113395,115697,119117,122184,123061,122534
1,1,25,111450,110901,111022,112197,114567,117062,118297,118580,118921,120780,124527,129961,137295,139885,143020,142031,142223,144349,145537,143460,139603,135549,131858,127462,124221,120964,117544,115244,113449,113555,115846,119269,122334,123206
1,1,26,112012,111973,111496,111623,112855,115253,117790,118986,119252,119743,121681,125312,130934,138422,141472,146347,146732,147467,149341,147781,144280,140105,135980,132266,127857,124610,121345,117918,115616,113810,113914,116210,119635,122706
1,1,27,111944,112813,112821,112325,112484,113719,116147,118633,119783,120173,120717,122524,126322,132067,140021,144830,150954,151905,152385,151526,148548,144729,140488,136336,132614,128193,124943,121676,118240,115930,114122,114229,116523,119955
1,1,28,109628,111967,112898,112902,112446,112616,113882,116261,118717,120009,120460,120894,122869,126774,132972,142680,148614,155277,155995,153831,151606,148336,144467,140214,136067,132357,127949,124706,121441,118018,115718,113917,114021,116311
1,1,29,106475,109180,111608,112570,112656,112255,112496,113757,116143,118770,120166,120561,121203,123335,127731,135686,146412,152864,159286,157487,154027,151518,148197,144315,140067,135930,132216,127815,124577,121326,117911,115615,113816,113920
1,1,30,104597,106970,109731,112146,113134,113208,112818,113003,114227,116733,119407,120685,121220,121957,124502,130532,139396,150614,156844,160880,157843,154116,151555,148217,144334,140087,135950,132242,127846,124612,121353,117945,115656,113855
1,1,31,102421,103588,106066,108863,111366,112428,112609,112259,112497,113914,116540,119178,120679,121402,122617,126774,133659,142939,153919,157936,160823,157546,153778,151206,147877,144002,139765,135638,131942,127558,124327,121083,117691,115407
1,1,32,103200,103246,104419,106855,109651,112111,113140,113219,112789,113092,114508,116965,119677,121214,122242,124806,129693,136914,145990,154948,157921,160570,157259,153488,150920,147598,143733,139502,135387,131695,127319,124100,120870,117485
1,1,33,104004,103167,103265,104435,106901,109704,112186,113179,113242,112925,113288,114578,117155,119954,121817,124115,127425,132576,139618,146872,154874,157632,160237,156915,153155,150592,147277,143422,139199,135093,131410,127050,123840,120617
1,1,34,104163,103690,102963,103121,104382,106919,109802,112317,113355,113592,113396,113715,115191,117926,121105,124206,127222,130762,135764,141162,147578,155413,158137,160732,157402,153622,151050,147731,143865,139636,135524,131838,127469,124251
1,1,35,103779,104054,103657,102964,103184,104487,107081,109971,112506,113679,114000,113751,114215,115806,118862,123147,126892,130084,133490,136967,141582,147831,155634,158347,160942,157606,153823,151252,147925,144060,139828,135717,132030,127661
1,1,36,103661,104436,104655,104168,103406,103545,104773,107248,110039,112557,113674,113815,113571,114005,115745,119642,124495,128365,131430,133416,136159,140589,146754,154485,157178,159747,156438,152683,150131,146832,142988,138789,134704,131041
1,1,37,102428,103511,104313,104529,104062,103307,103458,104656,107111,109970,112517,113550,113774,113590,114250,116848,121405,126340,130088,131880,133212,135803,140183,146321,154023,156704,159269,155965,152225,149679,146390,142562,138377,134304
1,1,38,101418,102793,103840,104576,104746,104213,103402,103454,104572,107028,109844,112220,113246,113453,113400,114744,117945,122584,127392,129987,131191,132395,134949,139294,145383,153030,155697,158238,154960,151250,148713,145449,141651,137485
1,1,39,99186,101034,102428,103469,104219,104390,103872,103041,103089,104273,106751,109458,111887,112958,113342,113962,115945,119244,123778,127542,129598,130682,131858,134398,138728,144789,152401,155055,157590,154326,150627,148109,144857,141074
1,1,40,97028,99290,101141,102515,103552,104282,104444,103882,103026,103113,104308,106667,109409,111857,113065,114026,115225,117318,120527,124124,127406,129352,130412,131583,134116,138439,144487,152070,154730,157251,153996,150312,147799,144554
1,1,41,93289,95850,98179,100085,101549,102662,103488,103721,103245,102547,102761,103948,106443,109308,111985,113819,115336,116625,118644,121017,124178,127358,129280,130330,131496,134019,138337,144382,151965,154614,157131,153879,150201,147688
1,1,42,93298,95715,98196,100405,102181,103485,104434,105048,105069,104441,103565,103476,104507,106837,109625,112561,114804,116420,117642,118900,120881,123949,127104,129024,130072,131232,133760,138067,144096,151661,154307,156818,153574,149904
1,1,43,89783,91834,94312,96839,99121,100975,102368,103386,104094,104276,103792,102928,102995,104159,106702,110012,113545,115904,117450,117972,118864,120757,123809,126955,128867,129913,131081,133598,137901,143917,151473,154114,156625,153388
1,1,44,86872,88685,90763,93258,95814,98119,100005,101413,102467,103273,103535,103019,102262,102411,103727,106693,110444,114109,116401,117287,117466,118278,120151,123183,126320,128227,129277,130438,132947,137231,143219,150733,153364,155864
1,1,45,85584,87433,89200,91220,93664,96162,98405,100200,101524,102538,103283,103383,102821,102005,102158,103730,107061,110956,114554,116221,116789,116898,117694,119556,122578,125705,127606,128654,129819,132320,136587,142546,150026,152646
1,1,46,83398,85542,87356,89083,91074,93477,95934,98115,99855,101173,102166,102795,102882,102304,101533,101964,103963,107455,111282,114284,115646,116151,116254,117041,118898,121901,125017,126915,127968,129125,131618,135867,141796,149233
1,1,47,81321,83583,85680,87446,89130,91064,93414,95791,97903,99618,100888,101747,102339,102382,101813,101262,102164,104319,107745,111019,113732,115028,115516,115621,116402,118249,121247,124345,126239,127292,128452,130935,135161,141061
1,1,48,78820,81138,83393,85480,87250,88922,90849,93177,95542,97681,99405,100604,101482,102085,102187,101864,101841,102877,104985,107922,110941,113601,114881,115367,115468,116260,118101,121091,124189,126076,127131,128293,130777,135000
1,1,49,75591,77963,80302,82579,84709,86514,88237,90196,92563,95006,97215,98940,100226,101191,101916,102308,102495,102589,103586,105246,107956,110922,113559,114837,115318,115420,116213,118053,121040,124133,126020,127070,128235,130717
1,1,50,72226,75132,77494,79830,82109,84237,86046,87760,89715,92108,94571,96729,98478,99786,100804,101738,102541,102841,102906,103493,104947,107600,110555,113186,114459,114946,115047,115835,117672,120655,123739,125630,126677,127840
1,1,51,68147,71446,74343,76708,79055,81348,83493,85315,87048,89049,91482,93928,96137,97934,99328,100573,101884,102798,103070,102763,103161,104566,107202,110148,112765,114041,114523,114625,115411,117249,120225,123301,125185,126240
1,1,52,64683,69505,72739,75561,77847,80094,82280,84295,85980,87598,89472,91709,94015,96063,97724,99091,100658,102067,102953,102884,102402,102758,104156,106789,109720,112333,113607,114094,114201,114991,116823,119792,122870,124752
1,1,53,59290,62941,67726,70969,73825,76152,78457,80696,82782,84578,86304,88235,90585,93005,95206,97132,98989,100640,102013,102580,102349,101842,102194,103585,106203,109130,111743,113011,113501,113611,114399,116226,119189,122260
1,1,54,57554,59005,62639,67420,70671,73535,75875,78185,80434,82564,84392,86099,88067,90449,92924,95280,97558,99486,101113,102205,102621,102359,101844,102195,103588,106206,109130,111739,113011,113496,113611,114406,116237,119201
1,1,55,54188,56485,57930,61547,66292,69529,72393,74733,77056,79345,81515,83342,85099,87109,89559,92177,94829,97148,99037,100394,101348,101738,101475,100970,101326,102718,105320,108227,110822,112087,112585,112704,113496,115325
1,1,56,51883,54470,56727,58140,61714,66411,69595,72396,74675,76956,79190,81247,83006,84690,86641,89082,91952,94631,96923,98575,99805,100727,101119,100867,100370,100730,102119,104717,107614,110199,111466,111966,112093,112890
1,1,57,48825,51132,53699,55944,57359,60899,65551,68704,71487,73774,76059,78251,80318,82087,83798,85821,88578,91452,94093,96163,97691,98892,99811,100203,99956,99472,99838,101223,103801,106678,109250,110521,111022,111159
1,1,58,46434,48509,50807,53352,55591,56995,60511,65122,68252,71035,73326,75561,77753,79806,81584,83349,85671,88431,91283,93731,95696,97208,98405,99321,99718,99480,99001,99368,100750,103325,106199,108769,110035,110548
1,1,59,43889,45541,47627,49932,52492,54745,56182,59695,64305,67475,70302,72610,74904,77158,79292,81197,83262,85575,88315,90992,93357,95300,96809,98005,98924,99326,99096,98622,98991,100375,102946,105815,108384,109654
1,1,60,41966,43443,45097,47169,49462,52002,54246,55672,59160,63745,66904,69695,71998,74291,76554,78735,80865,82901,85193,87773,90366,92698,94643,96146,97343,98266,98672,98446,97986,98363,99742,102308,105165,107724
1,1,61,39443,40747,42235,43894,45971,48257,50789,53038,54490,57981,62555,65699,68524,70878,73228,75591,77984,80062,82065,84207,86696,89252,91568,93490,94986,96180,97099,97514,97304,96859,97240,98620,101167,104004
1,1,62,38620,39886,41147,42582,44183,46194,48417,50868,53033,54410,57806,62235,65265,67964,70193,72440,74934,77268,79325,81199,83266,85723,88258,90558,92472,93962,95148,96070,96489,96290,95866,96256,97628,100161
1,1,63,35783,37081,38388,39698,41182,42830,44885,47148,49655,51902,53385,56825,61325,64464,67301,69713,72219,74675,76998,78944,80764,82821,85275,87808,90108,92024,93517,94713,95636,96060,95873,95458,95852,97225
1,1,64,33807,35088,36383,37684,38989,40458,42096,44129,46370,48863,51101,52559,55970,60431,63554,66408,68900,71347,73775,75978,77862,79657,81702,84128,86639,88924,90824,92310,93500,94426,94860,94688,94287,94685
1,1,65,32826,34080,35329,36572,37825,39063,40472,42035,43990,46162,48567,50691,52058,55348,59668,62677,65603,68023,70443,72755,74896,76753,78543,80564,82978,85470,87734,89625,91103,92290,93219,93659,93505,93120
1,1,66,30380,31406,32670,33922,35178,36446,37708,39130,40711,42691,44878,47289,49452,50873,54190,58547,61729,64544,66934,69250,71499,73606,75454,77222,79232,81617,84089,86328,88199,89674,90850,91785,92230,92096
1,1,67,29482,30184,31193,32428,33652,34876,36109,37330,38709,40253,42186,44302,46651,48753,50130,53378,57814,60878,63657,65963,68224,70455,72547,74381,76145,78136,80508,82953,85180,87044,88506,89691,90620,91081
1,1,68,28167,28383,29102,30113,31343,32567,33792,35027,36254,37650,39202,41123,43245,45598,47717,49140,52520,56791,59811,62499,64749,66989,69191,71267,73085,74832,76814,79159,81584,83794,85645,87103,88284,89221
1,1,69,27551,27503,27731,28445,29444,30658,31862,33071,34295,35513,36897,38422,40321,42418,44740,46853,48389,51632,55838,58774,61414,63638,65852,68033,70096,71903,73642,75604,77939,80342,82539,84379,85831,87012
1,1,70,27416,27139,27083,27294,27980,28940,30116,31278,32440,33617,34790,36111,37579,39406,41428,43676,45869,47300,50482,54569,57435,60031,62221,64405,66560,68597,70386,72109,74050,76350,78727,80900,82719,84169
1,1,71,26324,26254,26024,25996,26232,26921,27879,29043,30195,31362,32541,33710,35035,36500,38325,40347,42703,44799,46208,49291,53279,56094,58647,60809,62964,65094,67105,68876,70581,72504,74778,77120,79267,81071
1,1,72,26019,26145,26047,25786,25733,25930,26572,27475,28584,29679,30776,31881,32974,34218,35599,37327,39426,41682,43735,45099,48112,52025,54782,57304,59440,61567,63665,65656,67409,69103,71003,73248,75570,77691
1,1,73,23933,24396,24567,24521,24321,24313,24544,25196,26107,27213,28310,29413,30526,31638,32893,34299,36155,38141,40338,42315,43640,46572,50383,53082,55549,57637,59724,61782,63738,65461,67124,68996,71199,73472
1,1,74,21949,22866,23346,23542,23526,23365,23389,23639,24303,25213,26317,27410,28515,29633,30751,32016,33505,35275,37230,39369,41312,42617,45501,49247,51906,54341,56409,58476,60521,62455,64169,65822,67678,69865
1,1,75,19832,20999,21895,22364,22569,22569,22424,22461,22710,23364,24253,25327,26393,27471,28563,29667,30972,32388,34115,36003,38084,39979,41264,44080,47728,50332,52712,54744,56775,58784,60689,62379,64011,65840
1,1,76,17434,18703,19839,20716,21192,21417,21444,21334,21399,21673,22328,23208,24270,25327,26401,27494,28636,29883,31269,32938,34775,36802,38652,39919,42665,46220,48763,51096,53092,55088,57058,58932,60599,62212
1,1,77,15268,16492,17717,18816,19672,20147,20380,20429,20347,20431,20717,21364,22232,23271,24314,25372,26482,27577,28800,30126,31747,33533,35510,37318,38557,41237,44697,47184,49467,51423,53385,55320,57168,58808
1,1,78,13478,14555,15718,16883,17921,18727,19171,19385,19421,19335,19409,19663,20261,21073,22047,23025,24077,25132,26188,27352,28629,30185,31910,33808,35554,36761,39337,42669,45073,47273,49177,51072,52954,54751
1,1,79,11399,12346,13371,14481,15594,16599,17390,17847,18094,18176,18143,18247,18534,19148,19964,20941,21948,22953,23977,24996,26117,27355,28861,30530,32375,34070,35250,37743,40969,43298,45448,47305,49162,51001
1,1,80,10002,10752,11655,12629,13683,14742,15693,16451,16886,17128,17213,17179,17281,17557,18142,18925,19892,20849,21821,22804,23788,24876,26072,27533,29144,30928,32570,33723,36132,39246,41507,43594,45403,47216
1,1,81,8428,8987,9698,10547,11465,12464,13466,14381,15113,15566,15838,15951,15966,16108,16416,17017,17806,18716,19639,20563,21510,22454,23497,24651,26053,27598,29314,30897,32014,34325,37310,39488,41509,43260
1,1,82,7585,7998,8523,9185,9976,10831,11758,12687,13526,14205,14613,14836,14921,14913,15027,15288,15867,16614,17484,18355,19236,20141,21045,22047,23150,24491,25970,27604,29125,30198,32408,35255,37339,39281
1,1,83,6339,6678,7072,7563,8177,8914,9705,10570,11440,12238,12895,13294,13537,13655,13688,13834,14135,14684,15388,16206,17026,17862,18723,19586,20537,21589,22867,24272,25820,27267,28297,30397,33094,35086
1,1,84,5500,5797,6118,6482,6939,7509,8191,8927,9723,10530,11274,11879,12253,12482,12599,12639,12807,13095,13621,14290,15062,15846,16638,17464,18289,19199,20204,21417,22760,24239,25620,26614,28615,31187
1,1,85,4635,4890,5161,5455,5791,6209,6729,7351,8024,8759,9501,10183,10743,11100,11327,11449,11522,11682,11967,12461,13086,13813,14549,15301,16079,16859,17715,18669,19811,21074,22471,23784,24730,26618
1,1,86,3926,4127,4360,4610,4881,5188,5573,6046,6613,7231,7900,8581,9209,9729,10064,10280,10421,10502,10669,10939,11403,11996,12682,13377,14086,14824,15564,16376,17278,18359,19554,20870,22117,23023
1,1,87,3277,3433,3615,3822,4046,4288,4564,4905,5331,5835,6386,6986,7592,8154,8619,8925,9138,9282,9369,9525,9783,10220,10766,11394,12037,12696,13378,14065,14817,15651,16652,17761,18982,20140
1,1,88,2734,2849,2983,3145,3329,3525,3738,3978,4278,4652,5093,5579,6102,6637,7129,7537,7826,8038,8175,8264,8412,8655,9056,9557,10128,10718,11320,11949,12575,13271,14041,14958,15977,17102
1,1,89,2211,2314,2420,2543,2685,2848,3029,3218,3439,3709,4039,4439,4871,5341,5822,6274,6656,6930,7132,7272,7361,7507,7733,8108,8569,9101,9647,10205,10783,11373,12017,12732,13587,14531
1,1,90,1776,1867,1954,2044,2153,2276,2418,2575,2741,2931,3164,3451,3794,4169,4577,4993,5394,5744,5993,6180,6309,6401,6537,6747,7090,7507,7983,8478,8982,9508,10041,10624,11273,12051
1,1,91,1369,1439,1516,1593,1673,1763,1872,1995,2131,2275,2441,2642,2891,3185,3510,3863,4230,4589,4895,5119,5288,5411,5500,5626,5818,6124,6501,6924,7367,7815,8290,8765,9286,9873
1,1,92,1088,1154,1216,1282,1349,1418,1499,1590,1696,1811,1935,2075,2249,2459,2710,2986,3300,3628,3948,4217,4419,4575,4691,4780,4903,5082,5358,5699,6080,6481,6891,7316,7756,8228
1,1,93,799,850,903,954,1012,1070,1126,1194,1273,1363,1461,1567,1685,1832,2010,2221,2468,2735,3016,3285,3519,3694,3840,3944,4028,4140,4299,4551,4849,5180,5534,5894,6278,6662
1,1,94,569,608,647,693,736,781,829,878,936,1001,1080,1163,1253,1356,1477,1626,1810,2016,2244,2487,2711,2912,3069,3193,3290,3370,3471,3605,3822,4080,4369,4673,4990,5321
1,1,95,412,435,469,500,535,569,607,645,687,732,785,848,914,986,1068,1165,1286,1437,1607,1793,1990,2180,2349,2482,2591,2676,2747,2832,2950,3135,3352,3593,3852,4118
1,1,96,289,308,329,354,379,407,434,465,495,528,567,609,656,711,769,835,915,1016,1139,1277,1428,1593,1751,1894,2006,2102,2173,2236,2312,2413,2567,2755,2962,3175
1,1,97,193,206,222,235,256,273,297,315,338,362,386,413,445,482,524,571,622,685,764,863,970,1091,1218,1345,1459,1549,1629,1686,1733,1791,1873,1995,2147,2306
1,1,98,127,136,147,157,165,182,194,210,223,240,255,274,294,316,343,374,407,449,498,554,629,710,801,896,992,1084,1148,1213,1257,1293,1332,1388,1484,1594
1,1,99,81,87,92,100,106,114,123,133,142,154,164,176,188,200,218,240,268,293,322,355,399,450,510,575,650,721,784,834,883,915,935,963,995,1062
1,1,100,125,137,149,163,181,197,216,241,267,297,328,363,400,445,493,555,622,693,768,850,939,1047,1173,1329,1508,1711,1933,2171,2402,2632,2844,3049,3249,3466
1,2,0,105676,103580,102005,100559,100804,103074,106402,109321,110171,109696,108115,106632,107371,109401,107286,102030,100202,101394,103731,105110,105357,105076,104567,103891,103072,102138,101110,100012,98857,98447,97504,96554,95614,94717
1,2,1,106940,105433,103447,101911,100526,100813,103128,106474,109414,110364,109958,108265,106856,107663,109809,107980,103089,101276,102457,104268,105368,105555,105259,104742,104062,103242,102305,101274,100173,99020,98606,97664,96708,95768
1,2,2,107872,106745,105308,103336,101830,100460,100766,103067,106389,109390,110375,109849,108214,106851,107756,110219,108673,103988,102168,102694,104156,105183,105350,105049,104527,103852,103031,102097,101063,99967,98813,98403,97459,96506
1,2,3,110295,108180,107073,105597,103596,102059,100664,100913,103154,106501,109488,110312,109798,108163,106857,108059,110752,109504,104820,102301,102457,103837,104839,105004,104707,104185,103508,102691,101756,100728,99629,98484,98067,97128
1,2,4,111959,110478,108406,107296,105836,103833,102307,100890,101118,103421,106795,109671,110546,110067,108520,107547,109013,112003,110736,105350,102465,102541,103903,104899,105058,104754,104236,103550,102729,101795,100764,99665,98513,98100
1,2,5,113809,111903,110458,108383,107294,105842,103849,102299,100868,101153,103476,106735,109662,110571,110187,108958,108235,109990,112962,111020,105292,102332,102393,103748,104737,104895,104592,104072,103386,102567,101631,100602,99503,98349
1,2,6,116079,113998,112148,110723,108689,107624,106206,104204,102657,101299,101634,103874,107222,110220,111242,111189,110180,109730,111472,113799,111512,105692,102698,102744,104092,105084,105238,104929,104401,103714,102889,101947,100912,99808
1,2,7,118379,116406,114325,112449,111017,108962,107889,106418,104370,102854,101498,101702,103967,107325,110386,111672,111827,111079,110616,111735,113741,111384,105551,102556,102602,103949,104938,105092,104777,104249,103564,102738,101794,100762
1,2,8,120162,118327,116383,114306,112453,111031,108988,107895,106417,104420,102932,101484,101733,104035,107480,110823,112333,112725,111964,110909,111722,113660,111287,105450,102459,102500,103847,104832,104981,104672,104142,103452,102624,101686
1,2,9,122030,120488,118641,116669,114579,112700,111265,109174,108040,106579,104584,102975,101545,101806,104159,107838,111378,113111,113490,112176,110838,111581,113502,111121,105293,102303,102345,103690,104672,104819,104505,103978,103290,102463
1,2,10,125403,122298,120750,118878,116902,114798,112909,111433,109309,108199,106742,104635,103051,101638,101957,104544,108419,112174,113893,113743,112154,110752,111481,113390,111011,105186,102195,102235,103575,104556,104702,104390,103858,103170
1,2,11,129272,126219,123052,121448,119539,117512,115362,113402,111863,109729,108599,107008,104890,103295,101915,102430,105237,109301,113040,114262,113849,112206,110791,111510,113416,111029,105198,102209,102246,103584,104563,104705,104390,103857
1,2,12,127996,130212,127084,123842,122182,120205,118119,115887,113853,112294,110125,108850,107241,105095,103521,102320,103111,106075,110127,113377,114341,113877,112215,110788,111508,113408,111021,105186,102195,102226,103560,104540,104680,104359
1,2,13,126234,128278,130493,127358,124121,122461,120485,118375,116126,114126,112590,110323,109084,107504,105418,104067,103206,104123,107076,110655,113656,114566,114085,112411,110982,111695,113589,111200,105356,102354,102383,103714,104687,104828
1,2,14,120479,127109,129156,131379,128240,124980,123319,121303,119160,116942,114954,113303,111059,109840,108320,106432,105403,104657,105564,108045,111389,114354,115241,114745,113050,111601,112313,114214,111807,105931,102904,102929,104259,105230
1,2,15,117096,122008,128626,130596,132760,129507,126144,124353,122222,120032,117746,115546,113851,111557,110329,108944,107411,106466,105699,106139,108376,111673,114628,115506,115007,113305,111853,112562,114462,112044,106159,103121,103143,104470
1,2,16,113806,116982,121973,128661,130726,132977,129826,126517,124790,122791,120706,118355,116266,114678,112520,111592,110729,109162,108188,106917,107094,109283,112580,115548,116417,115906,114179,112709,113413,115319,112886,106959,103896,103910
1,2,17,113014,114383,117585,122594,129320,131394,133666,130478,127140,125471,123498,121255,118953,116901,115398,113522,113237,112277,110674,109081,107484,107588,109762,113057,116029,116890,116377,114639,113153,113855,115762,113320,107377,104300
1,2,18,113617,113596,115002,118215,123264,130025,132128,134383,131171,127909,126285,124157,121983,119725,117795,116695,115730,115276,114284,111818,109766,108058,108141,110305,113598,116563,117427,116908,115160,113665,114358,116267,113818,107856
1,2,19,114580,114429,114441,115845,119098,124174,130973,133040,135264,132121,128884,127084,125020,122891,120776,119378,119467,118313,117828,115662,112572,110377,108633,108698,110865,114152,117125,117984,117455,115695,114192,114889,116795,114331
1,2,20,114797,115495,115396,115412,116862,120143,125276,132067,134101,136436,133324,129886,128166,126159,124207,122769,122836,122732,121535,119573,116630,113349,111108,109335,109397,111561,114858,117840,118691,118153,116380,114868,115565,117474
1,2,21,112680,114666,115469,115409,115510,117010,120365,125485,132275,134470,136897,133628,130341,128740,126995,125890,126130,126029,125886,122961,120106,116962,113630,111374,109596,109654,111814,115107,118089,118933,118393,116615,115098,115785
1,2,22,111137,113046,115120,115945,115949,116086,117642,120967,126082,133034,135301,137544,134407,131217,129880,129071,129678,129898,129754,127631,123679,120590,117391,114040,111769,109984,110035,112191,115488,118470,119310,118765,116976,115455
1,2,23,110466,111244,113235,115323,116203,116230,116415,117931,121228,126478,133487,135563,137937,134906,132010,131725,132572,133435,133612,131239,127969,123768,120625,117412,114066,111794,110008,110053,112210,115499,118469,119305,118762,116981
1,2,24,110527,110305,111211,113249,115432,116380,116503,116686,118219,121710,127081,133966,136240,138782,136118,134435,135693,137125,137938,135621,131960,128404,124135,120968,117747,114389,112114,110323,110366,112523,115809,118781,119615,119069
1,2,25,111461,110651,110535,111469,113586,115813,116830,116920,117094,118801,122381,127611,134683,137098,140007,138612,138321,140424,141803,139943,136248,132288,128664,124371,121198,117968,114608,112331,110537,110577,112725,116017,118985,119821
1,2,26,112463,112118,111384,111277,112270,114414,116694,117655,117710,118032,119812,123242,128650,135855,138622,142826,142708,143441,145486,144097,140801,136790,132746,129098,124795,121611,118374,115001,112722,110918,110962,113113,116404,119378
1,2,27,112504,113080,112811,112076,112022,113037,115228,117456,118381,118580,118969,120582,124175,129707,137270,141314,146707,147718,148392,147688,144870,141259,137169,133103,129442,125132,121944,118701,115323,113037,111234,111271,113424,116718
1,2,28,110334,112393,113074,112827,112163,112147,113225,115385,117598,118690,118978,119219,121005,124727,130612,139426,144553,151121,152080,150091,148014,144900,141224,137123,133055,129398,125091,121906,118669,115296,113013,111210,111246,113394
1,2,29,107755,110190,112342,113039,112865,112244,112288,113333,115478,117848,119024,119164,119573,121482,125546,132618,142376,148682,155192,153621,150323,147967,144796,141108,137007,132949,129292,124991,121810,118575,115214,112935,111132,111170
1,2,30,106239,108323,110823,112965,113692,113513,112906,112883,113882,116147,118562,119561,119815,120302,122497,127647,135572,146485,152742,156854,154042,150483,148061,144877,141181,137082,133018,129365,125063,121886,118650,115289,113010,111209
1,2,31,104468,105350,107561,110121,112384,113202,113146,112579,112608,113817,116224,118564,119777,120216,121077,124381,130352,139336,150198,154239,157211,154150,150537,148099,144911,141220,137117,133054,129399,125104,121921,118688,115327,113054
1,2,32,105702,105424,106307,108470,111017,113230,114010,113828,113158,113245,114442,116614,118999,120217,120832,122538,126523,133426,142347,151181,154180,156916,153814,150196,147760,144584,140901,136804,132752,129106,124814,121641,118417,115072
1,2,33,106845,105700,105489,106382,108594,111165,113413,114155,113956,113408,113561,114601,116891,119360,120822,122274,124722,129490,136347,143454,151344,154135,156820,153714,150091,147662,144479,140799,136713,132666,129015,124736,121570,118348
1,2,34,107733,106938,105884,105715,106686,108950,111591,113844,114596,114537,114087,114121,115310,117724,120459,122731,124875,128031,132771,137983,144258,151986,154732,157411,154289,150652,148208,145019,141322,137220,133161,129509,125218,122040
1,2,35,108114,108047,107318,106280,106161,107157,109464,112087,114328,115192,115193,114604,114756,116034,118673,122137,125025,127796,130919,134139,138573,144685,152383,155126,157804,154669,151019,148573,145370,141668,137556,133495,129833,125534
1,2,36,108415,108852,108741,107917,106821,106615,107547,109727,112230,114456,115256,115019,114423,114538,115896,119064,123048,126516,129261,130971,133452,137705,143737,151370,154095,156752,153639,150019,147584,144404,140726,136642,132607,128964
1,2,37,107807,108556,109033,108915,108119,107020,106836,107729,109879,112452,114709,115369,115202,114662,114939,116879,120640,125148,128590,130053,131102,133440,137645,143664,151285,154007,156655,153546,149926,147493,144319,140648,136569,132526
1,2,38,106934,108019,108774,109215,109089,108258,107146,106889,107717,109901,112462,114540,115230,115081,114650,115420,117908,122134,126609,128883,129748,130668,132966,137149,143141,150727,153433,156074,152976,149372,146946,143786,140126,136059
1,2,39,104978,106568,107691,108450,108916,108805,108004,106877,106613,107511,109724,112159,114303,115043,115040,115101,116436,119327,123523,126946,128681,129432,130319,132606,136778,142748,150308,153005,155635,152545,148950,146537,143385,139735
1,2,40,103831,105864,107444,108522,109254,109676,109514,108623,107408,107141,108008,110041,112478,114605,115409,115771,116381,118041,120909,124162,127096,128724,129452,130329,132604,136770,142741,150294,152990,155616,152527,148928,146514,143366
1,2,41,100092,102480,104605,106267,107459,108292,108832,108756,107966,106930,106811,107676,109873,112455,114807,116118,117082,117942,119581,121606,124424,127266,128866,129580,130459,132732,136902,142871,150430,153123,155751,152654,149052,146636
1,2,42,100140,102453,104778,106803,108363,109419,110116,110467,110189,109263,108065,107651,108394,110454,112961,115479,117252,118418,119268,120136,121756,124492,127310,128903,129616,130494,132766,136933,142901,150455,153147,155771,152676,149082
1,2,43,97158,99113,101477,103838,105923,107540,108663,109400,109795,109635,108814,107603,107317,108166,110388,113294,116422,118393,119547,119677,120168,121710,124420,127232,128823,129533,130406,132677,136841,142796,150344,153035,155657,152562
1,2,44,94411,96135,98135,100532,102936,105060,106726,107873,108642,109143,109069,108231,107140,106959,107961,110553,113947,117262,119217,119692,119470,119884,121407,124102,126908,128501,129209,130081,132343,136492,142433,149958,152643,155256
1,2,45,93396,95156,96836,98776,101124,103470,105534,107101,108149,108870,109304,109058,108180,107039,106857,108064,111047,114623,117926,119240,119389,119096,119499,121006,123693,126488,128078,128792,129659,131917,136056,141979,149476,152154
1,2,46,91286,93379,95120,96775,98699,101017,103338,105348,106859,107909,108616,108946,108712,107837,106750,106819,108511,111642,115195,117885,118889,118968,118664,119058,120562,123242,126025,127611,128321,129187,131441,135559,141458,148929
1,2,47,89129,91382,93447,95153,96780,98665,100946,103198,105145,106643,107661,108254,108580,108325,107482,106615,107184,109011,112126,115110,117507,118440,118509,118204,118600,120097,122764,125540,127125,127832,128695,130940,135046,140924
1,2,48,86637,88970,91238,93320,95057,96705,98613,100895,103149,105151,106690,107671,108328,108707,108545,107965,107643,108298,110110,112726,115460,117797,118723,118780,118469,118860,120358,123029,125805,127381,128092,128953,131200,135311
1,2,49,83459,85854,88225,90533,92670,94452,96151,98093,100405,102743,104819,106360,107448,108205,108721,108849,108781,108522,109162,110513,112888,115570,117897,118814,118867,118556,118946,120446,123118,125893,127466,128172,129036,131279
1,2,50,80872,83791,86168,88514,90804,92911,94664,96314,98198,100502,102811,104795,106328,107393,108163,108831,109415,109363,109095,109316,110448,112772,115438,117760,118673,118727,118414,118804,120301,122967,125739,127316,128019,128881
1,2,51,76252,79577,82526,84946,87348,89697,91871,93676,95382,97370,99764,102105,104213,105870,107101,108166,109335,109909,109850,109191,109209,110292,112603,115267,117580,118488,118545,118231,118621,120116,122779,125551,127125,127825
1,2,52,71097,77692,80966,83854,86208,88531,90791,92845,94520,96131,98005,100222,102465,104454,106008,107252,108714,109836,110404,109983,109132,109108,110180,112490,115147,117467,118378,118432,118122,118505,120001,122665,125432,127003
1,2,53,66105,69877,76437,79737,82665,85067,87445,89746,91851,93620,95316,97236,99565,101918,104053,105870,107661,109054,110169,110401,109806,108922,108886,109960,112262,114918,117230,118140,118200,117887,118274,119766,122425,125192
1,2,54,64717,65931,69703,76259,79578,82517,84933,87311,89616,91756,93555,95240,97204,99579,102000,104308,106563,108267,109656,110470,110547,109914,109020,108984,110053,112361,115018,117331,118248,118300,117988,118376,119869,122535
1,2,55,61844,64086,65305,69071,75604,78922,81868,84280,86660,88994,91163,92959,94697,96709,99152,101732,104443,106581,108278,109386,110058,110106,109471,108583,108547,109612,111908,114558,116862,117772,117829,117519,117903,119398
1,2,56,59294,61918,64144,65352,69103,75614,78907,81819,84198,86560,88878,90996,92787,94515,96533,99063,102016,104581,106713,108160,109142,109783,109825,109192,108305,108270,109338,111629,114274,116577,117492,117547,117240,117628
1,2,57,56496,58821,61438,63660,64878,68610,75089,78353,81245,83632,86002,88302,90449,92267,94038,96169,99098,101871,104425,106324,107651,108607,109239,109284,108656,107777,107746,108811,111098,113726,116025,116935,117001,116698
1,2,58,54347,56430,58752,61364,63572,64785,68499,74936,78175,81057,83437,85774,88080,90225,92056,93906,96427,99176,101940,104294,106088,107392,108345,108979,109026,108404,107526,107499,108563,110848,113475,115769,116679,116743
1,2,59,52127,53762,55860,58191,60812,63032,64261,67968,74385,77648,80553,82947,85338,87693,89911,91870,94119,96446,99185,101774,104032,105804,107109,108059,108694,108740,108122,107247,107221,108287,110563,113192,115486,116397
1,2,60,50942,52372,53987,56060,58367,60957,63143,64331,67987,74363,77583,80428,82791,85143,87470,89704,92008,94054,96381,98955,101458,103692,105459,106765,107712,108350,108403,107787,106921,106895,107957,110229,112860,115147
1,2,61,48027,49313,50797,52456,54564,56906,59534,61762,63013,66715,73102,76378,79332,81816,84309,86834,89460,91544,93583,95757,98241,100717,102941,104705,106002,106946,107586,107641,107033,106177,106160,107221,109486,112097
1,2,62,47480,48725,49963,51382,52979,55025,57294,59839,61975,63144,66749,73009,76183,79020,81391,83802,86572,88967,91045,92951,95050,97514,99970,102186,103939,105231,106172,106818,106874,106278,105438,105422,106484,108739
1,2,63,45170,46448,47737,49015,50483,52123,54209,56513,59095,61284,62523,66175,72494,75758,78705,81237,84031,86587,88984,90949,92799,94889,97350,99812,102029,103789,105086,106040,106684,106748,106160,105318,105303,106369
1,2,64,43199,44497,45789,47082,48367,49836,51482,53555,55851,58435,60625,61873,65529,71828,75114,78128,80901,83479,86025,88306,90209,92040,94121,96568,99017,101226,102977,104271,105223,105871,105938,105357,104529,104527
1,2,65,42471,43762,45020,46251,47482,48698,50100,51655,53644,55854,58341,60423,61580,65121,71278,74464,77671,80239,82796,85232,87447,89332,91151,93217,95656,98088,100285,102022,103314,104260,104908,104983,104417,103600
1,2,66,40129,41231,42548,43824,45084,46346,47596,49026,50613,52633,54877,57395,59533,60762,64355,70577,74077,77072,79625,82084,84466,86662,88538,90353,92413,94836,97257,99447,101180,102464,103413,104064,104145,103589
1,2,67,39371,40053,41144,42441,43695,44929,46161,47374,48767,50322,52306,54502,56985,59086,60283,63850,70258,73551,76529,78999,81416,83779,85971,87838,89650,91700,94115,96528,98703,100432,101718,102666,103318,103413
1,2,68,38570,38692,39391,40489,41789,43048,44286,45520,46738,48143,49705,51689,53900,56393,58512,59764,63570,69746,73019,75928,78356,80762,83112,85296,87164,88970,91015,93423,95831,97999,99732,101021,101973,102631
1,2,69,37996,37822,37974,38681,39784,41084,42342,43580,44816,46043,47456,49023,51018,53234,55741,57888,59355,62957,69082,72280,75144,77553,79943,82285,84460,86318,88119,90158,92556,94949,97112,98835,100126,101081
1,2,70,38381,38130,37936,38052,38727,39792,41050,42265,43448,44630,45804,47152,48663,50591,52740,55184,57496,58800,62378,68402,71563,74401,76801,79179,81509,83677,85531,87330,89358,91749,94136,96294,98014,99307
1,2,71,37242,37072,36879,36732,36890,37589,38666,39933,41159,42363,43571,44771,46162,47705,49670,51869,54499,56659,57955,61446,67376,70495,73309,75683,78044,80354,82507,84349,86134,88151,90515,92886,95029,96740
1,2,72,37275,37387,37179,36936,36747,36856,37498,38514,39714,40867,41997,43128,44252,45560,47016,48891,51209,53703,55842,57095,60532,66387,69472,72260,74618,76959,79249,81383,83218,84991,86998,89346,91697,93828
1,2,73,35402,35986,36138,35972,35770,35619,35754,36410,37427,38631,39792,40934,42081,43229,44556,46042,48096,50293,52756,54839,56068,59454,65221,68269,71020,73357,75667,77941,80059,81876,83634,85625,87950,90279
1,2,74,33231,34483,35086,35261,35127,34959,34834,34990,35655,36678,37885,39057,40210,41374,42538,43887,45516,47469,49648,52069,54126,55356,58709,64416,67440,70177,72496,74800,77062,79169,80979,82737,84724,87043
1,2,75,30522,32165,33404,34012,34206,34100,33960,33860,34032,34698,35719,36919,38086,39247,40415,41588,43050,44585,46514,48643,51023,53052,54266,57572,63187,66174,68873,71168,73449,75689,77777,79571,81321,83284
1,2,76,27958,29590,31210,32442,33058,33274,33195,33081,33000,33191,33871,34889,36092,37265,38431,39612,40882,42261,43780,45669,47768,50113,52123,53331,56595,62129,65084,67755,70031,72299,74520,76592,78381,80117
1,2,77,24988,26824,28425,30023,31244,31875,32118,32074,31996,31955,32178,32868,33898,35113,36298,37482,38734,39934,41296,42780,44628,46692,48998,50983,52177,55389,60830,63736,66372,68625,70860,73059,75110,76882
1,2,78,22688,24338,26119,27667,29206,30376,30975,31191,31127,31034,30974,31167,31820,32794,33946,35070,36281,37470,38653,39973,41416,43217,45236,47498,49435,50617,53752,59052,61894,64476,66683,68878,71036,73055
1,2,79,19788,21309,22912,24644,26159,27669,28836,29460,29718,29715,29686,29679,29929,30616,31621,32804,33995,35160,36327,37476,38769,40183,41951,43931,46144,48045,49212,52281,57459,60248,62785,64959,67121,69247
1,2,80,18027,19268,20751,22305,23983,25450,26911,28035,28627,28870,28861,28810,28799,29027,29684,30647,31849,33001,34141,35284,36415,37691,39083,40823,42766,44944,46814,47972,50980,56046,58791,61290,63436,65570
1,2,81,15629,16621,17825,19253,20760,22389,23828,25267,26394,27030,27339,27398,27431,27499,27802,28520,29538,30692,31821,32936,34053,35163,36414,37775,39476,41380,43503,45335,46477,49415,54348,57035,59488,61597
1,2,82,14369,15115,16070,17223,18590,20030,21585,22947,24309,25372,25962,26226,26259,26271,26312,26577,27289,28269,29395,30486,31573,32660,33749,34969,36304,37958,39809,41874,43661,44785,47636,52423,55037,57426
1,2,83,12522,13176,13898,14808,15907,17210,18585,20067,21374,22695,23736,24332,24631,24713,24778,24868,25194,25877,26826,27909,28963,30016,31073,32132,33315,34609,36212,38001,39999,41726,42825,45577,50183,52717
1,2,84,11132,11703,12329,13018,13883,14928,16164,17469,18871,20119,21378,22369,22947,23249,23347,23424,23561,23880,24550,25464,26510,27536,28556,29586,30612,31765,33022,34575,36307,38237,39916,40990,43651,48085
1,2,85,9655,10181,10724,11317,11969,12787,13772,14935,16159,17484,18669,19857,20814,21384,21697,21820,21953,22090,22413,23056,23935,24942,25929,26912,27906,28903,30014,31223,32723,34382,36236,37853,38900,41452
1,2,86,8465,8889,9387,9904,10467,11087,11856,12781,13874,15032,16282,17398,18530,19446,19999,20313,20485,20616,20771,21091,21720,22569,23549,24502,25458,26423,27388,28464,29638,31081,32687,34473,36038,37062
1,2,87,7324,7675,8073,8531,9013,9533,10108,10818,11669,12676,13746,14899,15935,16985,17833,18359,18701,18864,19004,19167,19487,20092,20902,21827,22740,23645,24569,25488,26518,27636,29008,30531,32227,33715
1,2,88,6216,6484,6808,7173,7595,8038,8517,9042,9692,10477,11395,12377,13438,14393,15363,16155,16682,17007,17179,17330,17497,17813,18387,19153,20021,20880,21740,22611,23485,24458,25515,26803,28241,29837
1,2,89,5182,5435,5685,5987,6325,6715,7120,7563,8051,8649,9366,10217,11119,12097,12987,13893,14652,15154,15473,15650,15811,15990,16298,16846,17571,18395,19207,20019,20843,21673,22597,23599,24819,26176
1,2,90,4272,4505,4735,4960,5232,5535,5888,6251,6649,7083,7621,8264,9026,9832,10711,11512,12343,13045,13513,13817,13996,14159,14341,14639,15150,15824,16584,17337,18096,18861,19637,20495,21431,22560
1,2,91,3397,3597,3804,4011,4218,4464,4741,5057,5390,5749,6145,6631,7213,7903,8637,9438,10172,10934,11576,12009,12301,12481,12647,12830,13114,13599,14225,14931,15631,16336,17049,17767,18571,19443
1,2,92,2766,2948,3126,3311,3497,3682,3902,4143,4425,4718,5035,5385,5815,6331,6939,7588,8303,8974,9667,10251,10657,10938,11119,11288,11469,11744,12199,12780,13431,14082,14738,15402,16075,16825
1,2,93,2115,2259,2413,2572,2734,2900,3062,3253,3467,3715,3972,4255,4566,4945,5399,5935,6517,7149,7744,8358,8883,9252,9512,9692,9857,10031,10297,10711,11234,11826,12418,13014,13618,14231
1,2,94,1602,1716,1841,1978,2114,2253,2397,2546,2713,2905,3123,3351,3603,3881,4218,4618,5094,5612,6173,6699,7243,7713,8055,8301,8474,8634,8808,9058,9435,9914,10458,10998,11543,12097
1,2,95,1199,1280,1376,1482,1596,1710,1831,1953,2076,2219,2377,2560,2754,2969,3203,3487,3828,4238,4684,5162,5619,6089,6499,6798,7024,7186,7336,7490,7715,8052,8479,8954,9429,9912
1,2,96,887,948,1018,1096,1187,1284,1380,1481,1585,1691,1812,1949,2104,2268,2451,2652,2899,3194,3549,3930,4345,4741,5154,5513,5779,5981,6133,6276,6422,6628,6926,7310,7732,8157
1,2,97,620,669,716,774,837,909,989,1068,1151,1238,1325,1426,1541,1669,1808,1961,2128,2333,2580,2876,3194,3542,3878,4221,4530,4762,4940,5072,5204,5337,5518,5779,6103,6470
1,2,98,432,464,502,540,583,634,694,753,816,882,951,1018,1098,1186,1291,1399,1523,1661,1827,2026,2261,2523,2805,3078,3365,3616,3808,3958,4071,4182,4291,4449,4665,4928
1,2,99,285,310,333,363,396,429,468,513,561,610,662,718,773,836,909,994,1082,1187,1295,1427,1588,1780,1989,2218,2442,2674,2882,3042,3173,3271,3364,3459,3589,3770
1,2,100,541,588,647,712,785,867,964,1072,1197,1335,1488,1657,1847,2048,2270,2517,2774,3056,3369,3711,4087,4526,5040,5627,6295,7020,7801,8607,9403,10149,10848,11504,12129,12761
2,1,0,16404,15513,14987,14528,14270,14247,14478,14705,14496,14259,13746,13343,13209,13259,12846,12052,11531,11422,11420,11372,11260,11117,10964,10803,10638,10467,10300,10129,9963,9874,9737,9598,9466,9339
2,1,1,17159,16504,15621,15100,14646,14397,14389,14627,14855,14647,14404,13866,13455,13319,13369,12970,12241,11730,11618,11578,11512,11397,11255,11106,10945,10781,10615,10448,10285,10116,10028,9892,9754,9623
2,1,2,17860,17302,16665,15792,15283,14840,14614,14616,14871,15107,14900,14637,14100,13691,13556,13629,13300,12589,12071,11914,11854,11787,11672,11536,11386,11223,11064,10896,10733,10566,10400,10313,10174,10035
2,1,3,18204,17521,17024,16444,15635,15183,14796,14612,14659,14957,15234,15048,14823,14328,13962,13894,14045,13744,13019,12442,12259,12200,12131,12022,11882,11733,11575,11409,11245,11075,10910,10740,10654,10515
2,1,4,18454,17934,17296,16834,16299,15536,15123,14770,14617,14695,15009,15294,15138,14940,14474,14159,14117,14300,13995,13218,12623,12435,12374,12309,12201,12063,11914,11762,11598,11436,11268,11099,10935,10850
2,1,5,19287,18641,18116,17470,17008,16466,15702,15281,14918,14752,14817,15094,15360,15188,14981,14523,14209,14197,14374,14031,13238,12644,12461,12405,12345,12238,12104,11958,11806,11646,11489,11318,11155,10990
2,1,6,19830,19114,18462,17924,17272,16802,16260,15494,15056,14678,14488,14506,14750,14977,14785,14570,14152,13866,13851,13985,13635,12865,12290,12114,12058,12002,11897,11768,11632,11484,11331,11174,11013,10855
2,1,7,20201,19473,18800,18191,17693,17089,16660,16157,15429,15023,14671,14490,14529,14797,15058,14915,14764,14365,14076,14027,14153,13794,13028,12450,12274,12221,12168,12065,11942,11806,11658,11506,11351,11188
2,1,8,21034,20274,19557,18893,18295,17812,17217,16802,16296,15571,15155,14781,14598,14638,14904,15182,15081,14950,14547,14224,14169,14289,13934,13162,12582,12411,12363,12307,12211,12090,11957,11812,11656,11503
2,1,9,21603,20920,20194,19508,18877,18312,17864,17299,16903,16423,15712,15300,14941,14774,14839,15150,15482,15396,15261,14826,14493,14430,14561,14206,13425,12842,12671,12627,12579,12483,12362,12227,12083,11932
2,1,10,22163,21221,20596,19921,19291,18714,18203,17801,17278,16926,16477,15785,15408,15082,14958,15074,15425,15773,15688,15525,15079,14740,14683,14817,14467,13677,13090,12919,12878,12834,12743,12621,12489,12343
2,1,11,22307,21461,20581,20006,19389,18817,18294,17829,17467,16986,16662,16236,15583,15237,14944,14863,14986,15341,15688,15578,15411,14965,14631,14579,14719,14367,13592,13009,12847,12813,12770,12681,12560,12430
2,1,12,21538,21551,20789,19993,19495,18955,18458,18006,17602,17300,16867,16579,16206,15606,15312,15081,14985,15123,15482,15801,15684,15514,15073,14743,14694,14838,14491,13715,13137,12977,12942,12903,12811,12695
2,1,13,21586,21510,21537,20786,20006,19530,19007,18521,18074,17675,17368,16922,16634,16260,15665,15386,15099,15014,15153,15489,15804,15682,15516,15077,14750,14709,14856,14513,13743,13169,13008,12976,12937,12848
2,1,14,20075,20829,20754,20785,20061,19313,18859,18363,17886,17454,17060,16738,16305,16022,15664,15102,14780,14513,14430,14536,14850,15147,15033,14875,14457,14145,14103,14247,13924,13184,12633,12478,12454,12420
2,1,15,18464,19004,19775,19763,19853,19227,18577,18202,17777,17374,17001,16652,16384,16006,15782,15489,14899,14594,14333,14230,14326,14634,14928,14827,14670,14259,13957,13915,14061,13748,13021,12478,12332,12306
2,1,16,18582,18694,19189,19911,19836,19863,19170,18450,18000,17502,17022,16556,16138,15799,15361,15082,14733,14175,13883,13610,13501,13592,13886,14169,14073,13926,13537,13246,13210,13355,13056,12363,11846,11708
2,1,17,18125,17901,18033,18537,19266,19219,19272,18617,17921,17498,17013,16538,16087,15682,15364,14965,14731,14387,13841,13529,13246,13143,13237,13541,13825,13738,13595,13220,12945,12915,13058,12764,12078,11576
2,1,18,17961,17574,17362,17503,18010,18738,18699,18753,18095,17402,16967,16458,15974,15522,15122,14828,14506,14272,13936,13351,13027,12750,12656,12753,13061,13350,13262,13130,12760,12499,12474,12623,12335,11669
2,1,19,17783,17234,16855,16649,16799,17300,18016,17970,18014,17361,16668,16205,15691,15205,14764,14407,14228,13916,13693,13292,12697,12383,12122,12029,12137,12440,12727,12645,12524,12170,11921,11899,12046,11773
2,1,20,17009,16628,16122,15777,15599,15762,16263,16966,16936,16990,16378,15701,15265,14785,14345,13983,13788,13616,13310,13003,12576,11996,11702,11454,11368,11471,11770,12046,11976,11870,11527,11296,11276,11421
2,1,21,16770,16622,16260,15769,15441,15273,15451,15950,16645,16620,16664,16028,15355,14917,14452,14070,13865,13667,13492,13090,12736,12307,11742,11450,11214,11134,11240,11539,11822,11762,11654,11325,11096,11086
2,1,22,16066,15975,15848,15515,15051,14751,14614,14798,15290,15973,15948,15970,15363,14722,14325,13942,13742,13539,13332,13053,12606,12252,11837,11290,11015,10787,10714,10822,11113,11395,11336,11239,10916,10702
2,1,23,16213,15991,15911,15788,15465,15010,14724,14588,14768,15263,15936,15879,15891,15281,14648,14311,14108,13920,13707,13373,13026,12569,12220,11812,11264,10990,10770,10700,10811,11116,11401,11345,11252,10937
2,1,24,16562,16224,15998,15905,15772,15442,14981,14676,14519,14689,15147,15759,15675,15656,15037,14463,14324,14144,13948,13592,13192,12845,12391,12051,11650,11114,10847,10634,10569,10679,10984,11268,11218,11127
2,1,25,17022,16455,16125,15899,15815,15684,15365,14910,14599,14443,14595,15019,15613,15514,15499,14962,14623,14521,14333,13979,13549,13138,12788,12340,12004,11609,11080,10815,10607,10545,10665,10966,11251,11207
2,1,26,16974,16411,15872,15563,15356,15287,15182,14884,14448,14162,14012,14145,14565,15136,15061,15134,14850,14556,14446,14105,13678,13247,12842,12502,12068,11741,11357,10841,10582,10387,10328,10444,10741,11019
2,1,27,16468,16083,15570,15078,14814,14648,14616,14543,14291,13906,13654,13519,13676,14109,14707,14758,15047,14806,14510,14252,13843,13417,12987,12597,12265,11847,11528,11151,10649,10402,10212,10152,10269,10558
2,1,28,16507,16350,15998,15515,15059,14829,14701,14698,14652,14430,14068,13824,13715,13904,14379,15104,15337,15669,15413,14975,14645,14221,13782,13354,12959,12620,12195,11874,11500,10991,10738,10544,10489,10609
2,1,29,16853,16855,16696,16338,15846,15380,15146,15006,14994,14939,14693,14295,14033,13904,14085,14634,15517,15779,16109,15719,15212,14873,14442,14005,13574,13175,12844,12419,12098,11716,11204,10951,10759,10705
2,1,30,16350,16251,16280,16155,15840,15403,14990,14798,14695,14718,14692,14474,14118,13894,13818,14118,14838,15734,15988,16194,15753,15237,14896,14472,14037,13611,13218,12887,12464,12145,11776,11262,11006,10819
2,1,31,17625,17245,17121,17133,16984,16635,16153,15688,15444,15299,15274,15183,14911,14492,14225,14171,14618,15358,16273,16426,16585,16130,15607,15268,14837,14400,13970,13574,13238,12809,12492,12114,11590,11333
2,1,32,17189,16678,16372,16310,16384,16313,16055,15663,15280,15119,15046,15073,15061,14866,14543,14433,14581,15034,15781,16608,16720,16880,16416,15890,15549,15117,14677,14247,13847,13513,13084,12760,12374,11848
2,1,33,17659,17088,16605,16322,16288,16388,16348,16113,15739,15384,15232,15155,15201,15203,15043,14812,14830,14978,15433,16106,16905,17018,17177,16720,16188,15847,15414,14972,14542,14140,13804,13366,13040,12652
2,1,34,18388,17826,17217,16696,16377,16303,16370,16281,16001,15583,15172,14946,14810,14789,14738,14581,14472,14482,14619,14979,15588,16352,16457,16614,16170,15665,15339,14918,14495,14079,13691,13364,12943,12630
2,1,35,18801,18335,17759,17138,16606,16275,16187,16231,16121,15820,15375,14920,14667,14501,14456,14426,14456,14342,14341,14404,14717,15307,16056,16163,16316,15886,15392,15071,14666,14249,13845,13463,13145,12731
2,1,36,18213,17970,17611,17145,16641,16220,16004,16022,16163,16170,15974,15626,15276,15133,15091,15233,15446,15479,15358,15304,15339,15668,16300,17105,17228,17407,16957,16444,16111,15686,15257,14827,14428,14092
2,1,37,18313,18177,17954,17615,17174,16692,16299,16104,16140,16304,16326,16128,15796,15459,15338,15367,15631,15838,15872,15687,15598,15633,15978,16622,17445,17580,17763,17317,16798,16466,16038,15601,15166,14763
2,1,38,17726,17748,17693,17551,17301,16952,16567,16266,16152,16275,16522,16616,16510,16261,16016,16041,16182,16453,16674,16648,16427,16332,16374,16742,17428,18297,18444,18652,18188,17649,17315,16870,16412,15967
2,1,39,17798,17896,17941,17904,17787,17560,17235,16866,16573,16477,16616,16864,16977,16883,16653,16468,16514,16657,16931,17099,17047,16826,16734,16783,17161,17867,18761,18922,19136,18668,18127,17782,17334,16870
2,1,40,17214,17470,17597,17673,17675,17599,17415,17131,16793,16541,16473,16624,16901,17042,16984,16829,16660,16705,16848,17069,17207,17155,16936,16846,16899,17281,17992,18906,19061,19289,18821,18276,17934,17487
2,1,41,17878,18158,18374,18454,18472,18416,18275,18016,17650,17231,16891,16727,16799,16993,17055,16950,16789,16625,16665,16755,16952,17090,17042,16831,16746,16808,17191,17899,18803,18969,19200,18740,18199,17865
2,1,42,14919,15208,15591,15933,16171,16366,16502,16567,16522,16382,16180,16040,16085,16358,16763,17085,17068,16911,16743,16734,16799,16995,17138,17087,16880,16802,16859,17249,17965,18877,19046,19283,18826,18288
2,1,43,15984,16123,16371,16712,17007,17181,17313,17373,17345,17208,16960,16643,16399,16346,16526,16868,17058,17049,16896,16678,16649,16717,16909,17054,17011,16808,16726,16793,17183,17904,18814,18987,19225,18771
2,1,44,16666,16797,16926,17162,17496,17781,17945,18055,18080,18016,17831,17521,17148,16857,16763,16935,17266,17479,17472,17271,17034,17009,17080,17285,17435,17399,17194,17121,17197,17600,18341,19282,19465,19713
2,1,45,15650,15796,15985,16178,16484,16886,17251,17500,17694,17814,17839,17732,17514,17236,17046,17072,17288,17650,17866,17814,17588,17351,17330,17408,17620,17777,17748,17549,17475,17558,17974,18734,19697,19890
2,1,46,15104,15361,15550,15785,16026,16382,16839,17258,17561,17809,17976,18043,17989,17820,17595,17471,17457,17696,18064,18244,18176,17948,17709,17695,17778,18007,18172,18147,17946,17883,17973,18402,19183,20176
2,1,47,14222,14572,14880,15122,15417,15724,16147,16675,17160,17530,17848,18075,18214,18232,18140,18005,17790,17802,18048,18383,18550,18485,18266,18027,18022,18116,18348,18528,18508,18311,18248,18347,18793,19594
2,1,48,13656,14040,14397,14717,14972,15287,15614,16051,16586,17080,17461,17775,18012,18163,18198,18135,17844,17651,17663,17867,18180,18339,18280,18066,17837,17825,17925,18162,18340,18328,18133,18070,18168,18611
2,1,49,13755,14125,14483,14819,15109,15335,15613,15901,16294,16783,17221,17530,17782,17953,18047,18035,17814,17552,17360,17339,17518,17826,17994,17938,17734,17510,17502,17604,17841,18020,18009,17823,17761,17860
2,1,50,13367,13800,14171,14532,14874,15170,15404,15685,15974,16369,16848,17274,17579,17827,18004,18108,18005,17807,17544,17327,17286,17470,17774,17944,17895,17692,17477,17478,17584,17822,18006,17992,17813,17757
2,1,51,13261,13716,14143,14508,14864,15194,15480,15694,15954,16223,16586,17025,17415,17685,17898,18047,18072,17995,17797,17503,17268,17233,17422,17728,17908,17860,17668,17461,17467,17573,17814,18003,17997,17815
2,1,52,10742,11457,11959,12452,12901,13357,13797,14205,14554,14953,15358,15862,16452,17011,17461,17876,17995,18040,17964,17734,17429,17202,17168,17354,17669,17851,17808,17619,17415,17422,17535,17779,17962,17959
2,1,53,11536,12030,12751,13232,13692,14098,14498,14877,15209,15469,15770,16067,16467,16948,17392,17730,17941,18077,18130,18026,17787,17481,17258,17232,17429,17743,17922,17889,17703,17505,17519,17638,17883,18068
2,1,54,11132,11344,11832,12531,12999,13446,13841,14228,14591,14897,15136,15409,15681,16055,16511,16932,17200,17413,17547,17564,17455,17223,16932,16716,16691,16884,17195,17375,17342,17169,16975,16988,17102,17341
2,1,55,11416,11680,11892,12380,13096,13568,14012,14399,14766,15106,15379,15575,15812,16049,16382,16807,17205,17490,17715,17829,17840,17733,17509,17220,17010,16987,17192,17515,17705,17683,17505,17316,17337,17454
2,1,56,10211,10575,10870,11116,11634,12372,12890,13383,13825,14249,14649,14991,15266,15584,15906,16341,16783,17191,17476,17674,17784,17803,17699,17476,17194,16989,16973,17177,17504,17700,17679,17508,17321,17343
2,1,57,10040,10375,10748,11048,11299,11833,12591,13123,13622,14068,14492,14888,15226,15499,15813,16143,16517,16978,17395,17664,17867,17985,18008,17912,17699,17420,17220,17211,17430,17770,17974,17954,17790,17604
2,1,58,9456,9740,10078,10460,10764,11029,11571,12334,12872,13376,13820,14248,14649,15004,15290,15624,15899,16274,16728,17122,17386,17583,17704,17736,17646,17440,17172,16982,16979,17195,17530,17732,17720,17553
2,1,59,9529,9703,9972,10291,10650,10933,11171,11690,12419,12915,13371,13755,14125,14466,14758,14985,15253,15529,15897,16327,16699,16962,17160,17284,17321,17238,17040,16785,16604,16602,16817,17148,17345,17334
2,1,60,9135,9296,9470,9742,10066,10431,10719,10965,11485,12215,12712,13157,13546,13918,14263,14566,14801,15068,15343,15690,16107,16486,16741,16946,17073,17113,17038,16852,16603,16425,16431,16644,16978,17179
2,1,61,9529,9648,9802,9965,10225,10544,10904,11174,11394,11896,12604,13064,13466,13803,14125,14418,14731,14975,15256,15521,15870,16297,16681,16954,17168,17303,17354,17283,17100,16854,16685,16693,16918,17262
2,1,62,8197,8361,8528,8730,8948,9262,9632,10051,10391,10696,11270,12047,12605,13120,13584,14044,14413,14730,14977,15247,15512,15867,16300,16691,16969,17190,17337,17393,17331,17155,16910,16744,16763,16994
2,1,63,8889,8995,9120,9235,9385,9548,9806,10114,10456,10709,10910,11376,12039,12465,12834,13140,13527,13887,14193,14419,14674,14928,15272,15693,16075,16346,16565,16707,16770,16716,16548,16316,16159,16180
2,1,64,8660,8822,8933,9058,9175,9333,9497,9758,10067,10408,10657,10850,11311,11965,12389,12751,13152,13544,13907,14206,14428,14690,14947,15306,15735,16122,16404,16631,16783,16851,16801,16639,16415,16268
2,1,65,7374,7597,7791,7946,8114,8291,8501,8726,9044,9407,9813,10133,10413,10959,11707,12244,12700,13104,13496,13852,14146,14377,14636,14908,15265,15698,16094,16380,16615,16775,16848,16806,16648,16432
2,1,66,7844,7966,8175,8355,8490,8635,8782,8966,9159,9437,9763,10115,10377,10598,11082,11761,12287,12748,13153,13540,13895,14200,14430,14704,14977,15348,15785,16193,16492,16730,16904,16980,16948,16792
2,1,67,7078,7157,7298,7523,7722,7881,8055,8233,8447,8668,8974,9326,9713,10015,10280,10813,11546,12053,12512,12902,13284,13631,13935,14170,14440,14721,15088,15532,15939,16238,16487,16656,16746,16713
2,1,68,7266,7229,7302,7434,7653,7841,7992,8153,8316,8508,8709,8987,9309,9664,9932,10164,10710,11426,11931,12382,12773,13148,13502,13806,14046,14324,14602,14977,15422,15829,16132,16384,16561,16650
2,1,69,6986,6910,6886,6967,7106,7328,7526,7683,7845,8014,8208,8409,8687,9009,9369,9638,9922,10444,11146,11635,12072,12457,12834,13188,13488,13727,14004,14288,14652,15096,15498,15803,16058,16238
2,1,70,6413,6311,6279,6292,6404,6574,6821,7047,7240,7443,7649,7884,8128,8455,8828,9243,9563,9841,10362,11055,11543,11981,12372,12753,13110,13417,13662,13943,14233,14609,15055,15462,15776,16030
2,1,71,6512,6430,6325,6294,6301,6410,6574,6816,7036,7215,7404,7595,7812,8042,8346,8700,9103,9408,9688,10202,10889,11374,11814,12204,12587,12943,13255,13504,13790,14081,14459,14913,15324,15641
2,1,72,5494,5499,5482,5445,5466,5529,5683,5890,6166,6428,6662,6904,7156,7437,7733,8112,8474,8861,9168,9435,9936,10606,11096,11524,11909,12289,12650,12959,13210,13492,13787,14167,14611,15025
2,1,73,5814,5880,5866,5827,5766,5768,5812,5951,6136,6395,6636,6838,7055,7273,7524,7780,8103,8466,8859,9171,9442,9953,10631,11124,11560,11959,12347,12718,13036,13299,13596,13898,14289,14751
2,1,74,5441,5606,5664,5646,5607,5543,5539,5577,5699,5870,6108,6324,6506,6699,6894,7121,7359,7660,8005,8379,8672,8939,9425,10071,10544,10963,11344,11717,12067,12379,12632,12919,13214,13589
2,1,75,4890,5103,5271,5342,5336,5312,5267,5275,5327,5454,5629,5866,6086,6275,6474,6673,6908,7135,7432,7772,8138,8432,8696,9174,9813,10278,10698,11076,11446,11796,12106,12360,12648,12944
2,1,76,4514,4745,4949,5111,5179,5172,5150,5105,5109,5150,5269,5429,5650,5855,6026,6210,6403,6631,6851,7137,7464,7823,8114,8372,8838,9460,9917,10327,10697,11061,11411,11718,11970,12253
2,1,77,3989,4217,4438,4634,4790,4860,4863,4845,4807,4816,4857,4968,5120,5333,5525,5693,5879,6071,6287,6507,6779,7099,7444,7726,7984,8431,9030,9470,9868,10231,10582,10924,11220,11472
2,1,78,3281,3508,3737,3958,4168,4344,4443,4481,4501,4502,4544,4619,4767,4952,5198,5429,5611,5805,6002,6222,6440,6721,7042,7400,7688,7949,8407,9009,9454,9868,10232,10600,10948,11254
2,1,79,3080,3272,3490,3705,3917,4108,4268,4350,4367,4368,4349,4372,4424,4541,4696,4906,5111,5286,5475,5660,5875,6088,6362,6674,7014,7293,7548,7991,8567,9004,9396,9750,10103,10442
2,1,80,2505,2646,2824,3027,3230,3431,3623,3780,3876,3913,3935,3935,3980,4048,4178,4341,4552,4748,4917,5097,5275,5479,5689,5947,6249,6573,6843,7088,7511,8060,8474,8853,9194,9532
2,1,81,2401,2506,2638,2808,2999,3187,3376,3546,3689,3761,3776,3775,3755,3774,3813,3910,4063,4266,4453,4619,4789,4967,5172,5374,5626,5922,6234,6494,6736,7147,7677,8079,8441,8775
2,1,82,1804,1883,1987,2114,2277,2461,2647,2835,3019,3175,3278,3330,3372,3397,3456,3543,3663,3807,4001,4184,4345,4513,4689,4887,5087,5332,5616,5924,6174,6416,6812,7325,7719,8071
2,1,83,1758,1825,1896,1992,2112,2261,2437,2606,2776,2939,3070,3146,3177,3195,3199,3234,3302,3413,3559,3746,3926,4085,4251,4423,4620,4814,5049,5326,5630,5876,6114,6497,6997,7375
2,1,84,1425,1477,1537,1604,1690,1797,1932,2087,2244,2400,2548,2669,2745,2784,2810,2823,2864,2930,3036,3165,3341,3505,3660,3812,3973,4157,4338,4561,4814,5092,5323,5546,5900,6355
2,1,85,1236,1278,1331,1387,1448,1528,1627,1751,1891,2030,2170,2304,2414,2480,2511,2536,2550,2597,2659,2759,2886,3051,3210,3354,3501,3657,3837,4007,4221,4465,4727,4942,5158,5492
2,1,86,1026,1056,1095,1140,1189,1243,1311,1398,1506,1626,1749,1868,1983,2076,2134,2164,2191,2209,2251,2313,2408,2521,2671,2817,2950,3084,3227,3391,3548,3741,3962,4204,4397,4596
2,1,87,872,892,920,960,1002,1049,1099,1166,1244,1345,1458,1569,1683,1792,1884,1941,1977,2006,2029,2078,2138,2226,2340,2489,2631,2760,2894,3035,3198,3356,3546,3760,3995,4187
2,1,88,709,731,756,783,820,863,909,961,1024,1099,1196,1302,1413,1521,1630,1725,1779,1815,1852,1877,1930,1990,2080,2191,2338,2476,2607,2737,2883,3040,3194,3383,3593,3821
2,1,89,595,615,632,652,678,711,743,784,822,873,939,1014,1104,1194,1283,1368,1443,1497,1532,1560,1588,1638,1700,1780,1883,2011,2135,2253,2378,2503,2648,2788,2955,3145
2,1,90,464,483,506,525,543,568,599,629,665,702,751,811,883,964,1047,1133,1211,1281,1334,1367,1400,1429,1482,1542,1617,1716,1842,1960,2076,2195,2319,2462,2599,2758
2,1,91,385,408,426,445,462,482,503,530,556,588,620,663,714,779,848,923,999,1068,1137,1186,1221,1254,1286,1340,1400,1475,1566,1687,1800,1916,2028,2153,2294,2424
2,1,92,254,267,284,300,316,331,346,366,389,413,440,469,506,551,606,669,729,789,845,904,947,979,1011,1041,1088,1141,1209,1288,1395,1494,1592,1697,1800,1927
2,1,93,209,217,230,246,257,270,285,299,314,333,353,375,400,431,469,516,563,618,671,724,777,820,846,881,911,956,1008,1064,1139,1242,1333,1426,1517,1619
2,1,94,170,177,186,195,208,221,232,243,253,267,278,293,310,327,354,385,421,464,509,548,599,646,681,712,743,770,814,869,924,994,1086,1174,1258,1347
2,1,95,119,127,131,139,148,160,169,180,187,198,210,221,235,252,268,293,322,355,393,433,472,515,558,593,621,652,680,725,774,827,896,985,1068,1152
2,1,96,82,86,90,95,101,108,118,125,134,141,147,157,170,179,193,208,227,250,278,310,344,375,411,447,479,503,535,561,600,646,696,754,831,911
2,1,97,58,62,64,70,73,80,84,94,101,108,116,124,133,143,152,163,177,194,215,237,267,297,330,363,397,428,451,484,516,559,603,655,711,792
2,1,98,37,40,42,46,52,53,60,65,74,80,88,94,102,112,121,131,144,154,169,190,210,238,267,300,334,363,399,421,454,487,534,585,634,698
2,1,99,22,25,28,30,34,37,41,45,52,56,63,70,77,86,93,102,108,117,129,142,157,179,204,233,260,291,325,358,381,413,452,496,553,606
2,1,100,33,35,40,44,46,51,55,57,60,62,67,71,77,78,80,78,82,86,91,94,101,109,122,135,152,173,196,217,244,266,297,325,361,395
2,2,0,15746,14888,14416,14009,13789,13794,14042,14288,14123,13940,13495,13142,13048,13124,12732,11941,11460,11380,11403,11373,11288,11174,11045,10909,10769,10623,10475,10327,10184,10115,9995,9874,9761,9652
2,2,1,16399,15815,14940,14447,14020,13780,13771,13993,14218,14034,13823,13323,12935,12800,12835,12429,11744,11292,11213,11192,11147,11059,10948,10825,10694,10557,10416,10274,10131,9989,9924,9805,9692,9581
2,2,2,17035,16528,15959,15084,14596,14175,13947,13945,14190,14429,14249,14013,13498,13096,12954,13000,12706,12045,11588,11463,11429,11379,11294,11185,11065,10930,10795,10652,10513,10366,10225,10157,10041,9926
2,2,3,17295,16678,16235,15717,14906,14470,14105,13927,13984,14280,14570,14419,14217,13736,13375,13290,13459,13185,12511,11997,11851,11814,11771,11683,11569,11450,11316,11177,11035,10892,10748,10599,10538,10417
2,2,4,17595,17097,16496,16067,15566,14777,14361,14011,13854,13924,14227,14499,14341,14136,13663,13317,13302,13496,13227,12515,11986,11837,11800,11758,11676,11567,11445,11320,11186,11043,10903,10759,10618,10553
2,2,5,18235,17647,17164,16578,16160,15670,14900,14500,14164,14023,14107,14398,14661,14499,14292,13835,13555,13567,13766,13458,12722,12188,12037,12002,11965,11884,11775,11655,11530,11394,11254,11112,10969,10830
2,2,6,18708,18049,17450,16958,16362,15938,15443,14675,14272,13933,13777,13818,14060,14282,14095,13880,13510,13259,13271,13428,13110,12389,11873,11733,11703,11663,11586,11483,11371,11248,11118,10984,10848,10710
2,2,7,19051,18392,17771,17209,16753,16196,15807,15357,14636,14270,13962,13814,13868,14127,14370,14225,14111,13750,13501,13481,13622,13301,12578,12059,11918,11889,11852,11775,11678,11566,11441,11313,11181,11043
2,2,8,19806,19118,18464,17848,17291,16842,16299,15923,15480,14773,14410,14077,13919,13963,14214,14467,14400,14300,13940,13659,13624,13762,13442,12720,12197,12059,12031,11998,11926,11823,11714,11594,11468,11331
2,2,9,20097,19499,18850,18234,17658,17143,16731,16229,15893,15495,14817,14459,14142,13998,14065,14355,14693,14639,14541,14149,13850,13819,13961,13644,12913,12389,12251,12225,12195,12125,12027,11915,11794,11666
2,2,10,20705,19850,19281,18665,18078,17531,17049,16671,16202,15901,15527,14852,14502,14191,14061,14153,14510,14861,14811,14687,14283,13985,13956,14105,13787,13054,12530,12394,12373,12344,12276,12176,12069,11948
2,2,11,20656,19911,19135,18630,18076,17554,17075,16658,16343,15940,15686,15339,14706,14389,14113,14032,14173,14534,14891,14815,14684,14277,13979,13956,14107,13797,13071,12546,12413,12394,12368,12303,12207,12101
2,2,12,19687,19738,19082,18389,17965,17492,17051,16648,16306,16066,15724,15510,15211,14628,14357,14143,14075,14226,14589,14920,14836,14699,14297,14009,13984,14141,13831,13110,12588,12461,12446,12419,12357,12266
2,2,13,19474,19426,19491,18851,18178,17768,17316,16893,16506,16188,15952,15597,15376,15070,14493,14234,13989,13933,14086,14417,14735,14649,14517,14125,13839,13820,13982,13676,12965,12455,12330,12318,12298,12235
2,2,14,17926,18620,18582,18647,18038,17403,17018,16599,16209,15851,15550,15306,14957,14736,14436,13894,13630,13397,13342,13467,13775,14072,13997,13877,13506,13240,13222,13378,13090,12413,11928,11808,11797,11779
2,2,15,15889,16420,17140,17188,17337,16859,16353,16091,15787,15509,15250,15019,14848,14570,14421,14213,13664,13402,13180,13106,13222,13522,13818,13749,13631,13268,13006,12991,13148,12872,12205,11732,11615,11608
2,2,16,15856,16028,16498,17156,17138,17217,16665,16098,15771,15405,15057,14704,14392,14137,13789,13582,13317,12797,12554,12321,12243,12349,12635,12915,12854,12748,12411,12167,12158,12308,12048,11425,10979,10870
2,2,17,15411,15307,15478,15938,16590,16583,16671,16148,15610,15306,14952,14591,14227,13906,13649,13321,13149,12875,12379,12113,11873,11796,11901,12185,12459,12405,12302,11977,11750,11743,11893,11642,11037,10605
2,2,18,15080,14860,14755,14927,15386,16024,16024,16117,15617,15098,14794,14421,14043,13674,13348,13109,12847,12669,12410,11877,11604,11374,11297,11406,11689,11970,11913,11816,11502,11285,11287,11435,11192,10608
2,2,19,14623,14302,14101,14012,14191,14650,15291,15313,15435,14980,14491,14183,13819,13447,13095,12814,12664,12408,12238,11920,11374,11106,10883,10816,10920,11208,11479,11428,11341,11040,10832,10831,10981,10755
2,2,20,13949,13746,13442,13255,13176,13359,13811,14442,14494,14637,14217,13734,13436,13081,12732,12429,12252,12104,11862,11617,11274,10746,10487,10284,10218,10323,10600,10862,10819,10742,10455,10257,10256,10403
2,2,21,14170,14120,13897,13575,13367,13275,13442,13887,14516,14557,14681,14203,13676,13336,12952,12605,12407,12224,12081,11753,11464,11121,10600,10346,10145,10081,10190,10471,10733,10697,10623,10341,10149,10158
2,2,22,13866,13847,13804,13582,13267,13064,12981,13157,13603,14234,14283,14370,13881,13345,13008,12659,12457,12263,12084,11846,11474,11187,10849,10335,10093,9899,9842,9954,10231,10493,10461,10392,10123,9935
2,2,23,13935,13805,13805,13772,13570,13276,13095,13031,13232,13718,14374,14406,14497,14002,13475,13182,12978,12798,12601,12308,12007,11621,11333,10996,10473,10232,10038,9988,10099,10383,10657,10629,10559,10282
2,2,24,14403,14145,13994,13971,13921,13696,13379,13178,13094,13285,13737,14330,14313,14346,13820,13305,13151,12998,12818,12501,12146,11838,11458,11179,10845,10335,10097,9910,9861,9972,10258,10529,10504,10438
2,2,25,14785,14329,14075,13922,13901,13853,13634,13327,13134,13066,13258,13678,14245,14205,14231,13749,13415,13330,13177,12864,12476,12106,11799,11427,11149,10824,10317,10082,9898,9852,9972,10252,10527,10500
2,2,26,14626,14178,13759,13523,13393,13392,13367,13181,12908,12760,12713,12888,13298,13850,13832,13919,13632,13375,13293,13005,12629,12232,11877,11576,11211,10943,10626,10133,9901,9727,9678,9795,10076,10344
2,2,27,14358,14056,13645,13255,13049,12946,12972,12976,12824,12601,12480,12430,12609,13014,13576,13627,13870,13664,13411,13197,12849,12464,12077,11727,11436,11077,10814,10504,10018,9795,9620,9579,9693,9971
2,2,28,14630,14512,14217,13810,13430,13233,13141,13177,13194,13064,12844,12698,12637,12803,13212,13824,14005,14329,14122,13744,13462,13098,12711,12319,11967,11672,11311,11047,10733,10243,10018,9845,9805,9924
2,2,29,14780,14815,14708,14421,14020,13643,13458,13378,13426,13467,13342,13098,12939,12866,13030,13490,14239,14506,14836,14506,14067,13767,13397,13007,12612,12250,11956,11591,11325,11010,10510,10282,10110,10069
2,2,30,14299,14249,14316,14242,13999,13646,13324,13186,13149,13250,13329,13215,13003,12871,12832,13082,13668,14497,14763,14984,14601,14143,13850,13479,13093,12697,12343,12046,11684,11415,11104,10606,10379,10206
2,2,31,15535,15219,15133,15161,15036,14742,14331,13950,13759,13676,13712,13698,13503,13204,12996,12927,13265,13925,14757,14927,15093,14701,14243,13953,13584,13193,12802,12450,12157,11791,11529,11216,10720,10489
2,2,32,15009,14603,14371,14354,14460,14422,14228,13924,13646,13552,13554,13651,13713,13601,13395,13321,13425,13835,14514,15272,15399,15564,15165,14701,14407,14026,13630,13234,12874,12574,12207,11938,11617,11107
2,2,33,15491,15024,14632,14410,14405,14523,14506,14332,14044,13791,13701,13680,13768,13823,13711,13550,13563,13726,14143,14746,15469,15591,15761,15357,14897,14595,14224,13828,13424,13061,12768,12391,12117,11797
2,2,34,15827,15398,14916,14501,14260,14235,14335,14297,14112,13821,13536,13392,13323,13358,13369,13256,13188,13244,13400,13727,14264,14951,15076,15240,14852,14407,14123,13760,13383,12999,12651,12361,11999,11739
2,2,35,15822,15500,15076,14597,14187,13952,13932,14034,14007,13836,13545,13239,13071,12980,12994,13021,13039,13011,13069,13147,13426,13943,14618,14736,14897,14524,14095,13815,13469,13100,12729,12385,12109,11757
2,2,36,15176,15061,14848,14535,14166,13872,13747,13840,14060,14163,14112,13910,13697,13628,13646,13818,14004,14066,14035,14033,14089,14381,14940,15669,15802,15983,15589,15134,14846,14480,14090,13694,13327,13035
2,2,37,15017,15003,14906,14715,14423,14084,13812,13714,13835,14091,14214,14157,13962,13750,13691,13751,13954,14174,14235,14150,14119,14168,14474,15035,15769,15904,16094,15700,15249,14961,14592,14199,13801,13446
2,2,38,14676,14763,14796,14749,14610,14379,14094,13884,13849,14036,14350,14509,14493,14331,14166,14180,14261,14502,14729,14747,14635,14598,14657,14976,15559,16323,16473,16670,16269,15806,15514,15135,14734,14328
2,2,39,14844,14988,15086,15128,15096,14965,14742,14462,14259,14247,14448,14751,14905,14885,14717,14573,14558,14668,14916,15102,15094,14973,14944,15007,15334,15935,16720,16879,17087,16682,16213,15912,15528,15122
2,2,40,13625,13895,14088,14243,14348,14382,14337,14196,14005,13891,13952,14202,14558,14768,14811,14739,14576,14582,14695,14900,15064,15052,14932,14908,14980,15311,15908,16696,16855,17067,16665,16205,15908,15524
2,2,41,14653,14900,15112,15233,15308,15331,15279,15140,14899,14611,14388,14328,14464,14710,14808,14757,14606,14459,14469,14539,14719,14875,14871,14761,14734,14806,15132,15727,16505,16667,16877,16487,16035,15744
2,2,42,11932,12203,12542,12862,13116,13345,13534,13663,13728,13698,13610,13566,13675,13981,14404,14712,14705,14567,14416,14388,14445,14615,14775,14772,14664,14638,14712,15039,15631,16409,16572,16786,16399,15944
2,2,43,12709,12857,13101,13411,13700,13913,14101,14243,14328,14345,14246,14066,13940,13975,14214,14588,14744,14749,14609,14427,14388,14439,14615,14776,14775,14670,14651,14726,15054,15655,16434,16598,16812,16431
2,2,44,13469,13612,13736,13955,14248,14512,14700,14857,14968,15012,14975,14798,14543,14344,14318,14518,14828,15001,15008,14838,14643,14604,14656,14843,15006,15005,14903,14886,14970,15310,15922,16717,16887,17110
2,2,45,12425,12588,12792,12984,13275,13639,13985,14265,14521,14739,14880,14929,14835,14662,14553,14636,14836,15164,15335,15312,15125,14929,14887,14951,15144,15317,15319,15213,15203,15290,15639,16264,17081,17257
2,2,46,12040,12288,12485,12722,12952,13284,13693,14085,14421,14728,14988,15155,15232,15165,15022,14958,14948,15163,15500,15655,15621,15436,15240,15204,15271,15471,15653,15660,15560,15553,15644,16011,16654,17491
2,2,47,11469,11776,12064,12302,12587,12867,13255,13725,14177,14576,14940,15241,15447,15573,15552,15466,15278,15276,15494,15816,15963,15936,15751,15556,15520,15595,15806,15995,16004,15909,15906,16006,16382,17041
2,2,48,11134,11445,11744,12020,12247,12522,12796,13176,13641,14083,14464,14793,15062,15239,15343,15310,15064,14881,14884,15073,15370,15518,15487,15314,15129,15099,15174,15381,15568,15587,15490,15491,15589,15956
2,2,49,11415,11717,11995,12258,12496,12688,12929,13163,13510,13933,14321,14630,14881,15071,15176,15218,15048,14802,14628,14612,14791,15085,15231,15208,15042,14860,14835,14908,15113,15300,15322,15233,15233,15334
2,2,50,10527,10866,11189,11494,11790,12067,12303,12588,12879,13272,13741,14155,14497,14791,15026,15187,15162,14986,14747,14555,14532,14712,15010,15157,15140,14977,14802,14779,14857,15066,15255,15274,15190,15194
2,2,51,11243,11589,11897,12179,12442,12686,12908,13087,13315,13539,13857,14234,14545,14781,14964,15098,15148,15116,14944,14690,14492,14474,14657,14952,15106,15096,14935,14766,14746,14826,15036,15223,15247,15168
2,2,52,8827,9556,9949,10318,10676,11025,11369,11706,12013,12370,12723,13164,13658,14103,14491,14841,14975,15018,14989,14804,14550,14357,14343,14523,14822,14969,14959,14805,14637,14627,14707,14915,15105,15132
2,2,53,9418,9796,10541,10906,11243,11559,11862,12159,12444,12688,12975,13234,13582,13979,14323,14614,14812,14936,14982,14940,14753,14501,14316,14301,14487,14785,14939,14933,14777,14617,14607,14692,14903,15091
2,2,54,9190,9324,9692,10425,10776,11105,11416,11713,12005,12282,12510,12768,13002,13316,13685,14005,14246,14427,14552,14581,14535,14357,14116,13935,13926,14105,14400,14552,14541,14398,14243,14235,14320,14522
2,2,55,9350,9525,9654,10022,10766,11118,11445,11755,12049,12334,12595,12792,13015,13215,13497,13843,14148,14374,14557,14673,14699,14655,14480,14240,14065,14062,14251,14551,14710,14710,14567,14416,14416,14499
2,2,56,8694,8952,9141,9287,9669,10416,10795,11149,11490,11822,12133,12414,12634,12880,13108,13426,13787,14076,14303,14474,14584,14615,14577,14408,14175,14006,14002,14195,14497,14656,14653,14518,14370,14370
2,2,57,8598,8821,9084,9277,9423,9816,10579,10976,11345,11695,12026,12327,12594,12798,13033,13258,13574,13919,14211,14436,14608,14722,14761,14725,14559,14329,14162,14164,14360,14676,14837,14843,14702,14557
2,2,58,8106,8295,8523,8786,8996,9155,9560,10335,10750,11140,11505,11843,12149,12426,12645,12901,13124,13410,13756,14037,14258,14432,14547,14588,14558,14396,14175,14011,14017,14213,14526,14691,14699,14567
2,2,59,8204,8300,8477,8693,8947,9144,9296,9694,10461,10859,11228,11554,11847,12111,12340,12521,12754,12958,13246,13575,13850,14073,14245,14364,14410,14388,14233,14019,13863,13869,14072,14379,14542,14553
2,2,60,7424,7541,7664,7863,8103,8384,8617,8810,9246,10038,10478,10882,11247,11584,11898,12190,12392,12609,12807,13085,13408,13687,13911,14082,14208,14256,14235,14089,13878,13730,13743,13947,14249,14416
2,2,61,8556,8608,8679,8757,8922,9123,9364,9549,9681,10070,10825,11181,11479,11727,11942,12127,12389,12577,12797,12993,13277,13606,13888,14114,14297,14430,14481,14467,14325,14117,13968,13985,14193,14510
2,2,62,7276,7388,7497,7632,7775,7999,8270,8583,8855,9083,9559,10389,10844,11257,11631,11988,12281,12528,12718,12934,13133,13418,13758,14045,14281,14471,14611,14663,14657,14515,14305,14163,14183,14398
2,2,63,7746,7816,7891,7961,8050,8150,8330,8556,8822,9044,9208,9604,10343,10702,11011,11277,11585,11853,12090,12266,12472,12664,12943,13271,13554,13781,13969,14100,14160,14155,14019,13825,13692,13711
2,2,64,7790,7906,7969,8040,8106,8192,8286,8468,8692,8953,9169,9311,9689,10411,10747,11032,11373,11663,11932,12164,12341,12551,12747,13033,13368,13655,13890,14083,14221,14284,14286,14156,13964,13828
2,2,65,6493,6688,6850,6973,7107,7241,7393,7571,7828,8133,8481,8785,9023,9497,10328,10796,11181,11503,11802,12067,12304,12484,12703,12909,13196,13542,13835,14084,14281,14429,14499,14504,14374,14188
2,2,66,7052,7160,7333,7473,7567,7668,7769,7887,8027,8249,8510,8801,9043,9212,9620,10379,10810,11173,11497,11794,12058,12298,12481,12701,12908,13205,13553,13849,14099,14306,14457,14530,14540,14417
2,2,67,6443,6509,6634,6823,6983,7101,7232,7366,7516,7688,7937,8222,8537,8808,9017,9461,10256,10661,11023,11341,11631,11895,12130,12319,12537,12750,13046,13394,13698,13951,14157,14313,14393,14401
2,2,68,6466,6446,6508,6624,6807,6959,7072,7197,7324,7462,7624,7852,8112,8401,8650,8835,9274,10032,10433,10781,11095,11378,11643,11878,12061,12282,12494,12787,13130,13434,13680,13886,14042,14124
2,2,69,6533,6475,6447,6506,6617,6795,6945,7054,7174,7294,7422,7563,7771,8014,8278,8512,8719,9137,9881,10277,10621,10934,11219,11481,11716,11904,12125,12337,12629,12976,13277,13530,13735,13893
2,2,70,5628,5595,5586,5609,5706,5853,6068,6255,6415,6590,6762,6942,7135,7398,7698,8028,8298,8488,8894,9622,10002,10346,10653,10935,11196,11428,11613,11832,12046,12333,12674,12971,13223,13427
2,2,71,6137,6073,6012,5978,5976,6054,6185,6384,6552,6690,6835,6972,7106,7260,7476,7727,8032,8290,8483,8893,9618,10006,10350,10666,10949,11216,11452,11643,11869,12086,12386,12730,13031,13288
2,2,72,5037,5068,5071,5086,5117,5180,5318,5505,5760,5997,6205,6415,6625,6835,7071,7376,7644,7934,8192,8384,8788,9506,9895,10239,10552,10838,11110,11352,11542,11772,11989,12291,12639,12942
2,2,73,5256,5343,5357,5343,5342,5358,5411,5536,5715,5959,6179,6363,6552,6732,6917,7125,7360,7622,7913,8175,8368,8777,9497,9890,10243,10557,10855,11125,11369,11568,11805,12027,12335,12688
2,2,74,4969,5133,5211,5219,5201,5192,5206,5253,5370,5538,5768,5963,6128,6293,6452,6617,6782,7000,7253,7530,7783,7966,8360,9051,9430,9766,10076,10360,10623,10862,11057,11285,11498,11793
2,2,75,4731,4942,5108,5186,5196,5178,5169,5182,5230,5351,5514,5733,5923,6073,6229,6382,6523,6680,6897,7149,7423,7676,7867,8258,8944,9320,9661,9970,10254,10517,10757,10957,11181,11403
2,2,76,4350,4528,4733,4890,4968,4977,4963,4958,4977,5027,5137,5291,5495,5670,5810,5955,6093,6226,6380,6588,6827,7097,7341,7529,7908,8569,8934,9266,9567,9838,10096,10332,10523,10748
2,2,77,4082,4311,4488,4681,4832,4902,4907,4889,4879,4889,4927,5024,5159,5339,5494,5618,5754,5890,6023,6170,6377,6614,6882,7121,7312,7683,8324,8689,9016,9309,9584,9838,10072,10264
2,2,78,3312,3545,3779,3970,4185,4366,4476,4529,4563,4603,4663,4745,4881,5064,5295,5507,5649,5787,5924,6060,6216,6433,6677,6945,7197,7389,7771,8428,8803,9139,9445,9728,9992,10232
2,2,79,3295,3505,3732,3957,4138,4341,4503,4592,4624,4632,4643,4670,4714,4817,4960,5149,5321,5455,5595,5733,5867,6025,6238,6478,6746,6996,7189,7564,8208,8576,8908,9208,9487,9749
2,2,80,2494,2645,2838,3053,3271,3452,3659,3837,3959,4029,4076,4129,4190,4273,4407,4582,4766,4923,5059,5190,5320,5445,5596,5796,6026,6275,6514,6699,7056,7664,8011,8324,8610,8876
2,2,81,2637,2752,2894,3079,3277,3476,3634,3810,3954,4034,4057,4053,4052,4061,4086,4158,4290,4465,4618,4745,4873,5000,5122,5273,5467,5684,5929,6159,6340,6681,7261,7594,7892,8166
2,2,82,1933,2027,2141,2279,2458,2653,2854,3030,3226,3401,3523,3593,3642,3689,3751,3831,3927,4050,4220,4370,4492,4623,4745,4868,5009,5201,5414,5652,5876,6053,6386,6939,7266,7560
2,2,83,1942,2025,2114,2225,2359,2529,2715,2908,3074,3252,3408,3503,3547,3571,3591,3628,3680,3775,3901,4067,4216,4341,4471,4594,4720,4863,5052,5265,5499,5727,5903,6234,6781,7101
2,2,84,1622,1691,1772,1855,1960,2085,2245,2420,2606,2763,2935,3083,3179,3226,3254,3285,3320,3370,3461,3581,3740,3880,4003,4127,4251,4368,4506,4685,4888,5113,5327,5499,5810,6328
2,2,85,1479,1539,1605,1681,1760,1857,1975,2125,2293,2466,2611,2771,2901,2983,3019,3040,3064,3097,3148,3240,3358,3511,3649,3771,3894,4011,4129,4266,4435,4637,4855,5064,5230,5531
2,2,86,1211,1252,1306,1361,1428,1495,1583,1689,1821,1966,2118,2247,2383,2495,2568,2603,2622,2646,2677,2728,2810,2919,3051,3180,3288,3398,3507,3614,3736,3892,4068,4266,4454,4606
2,2,87,1007,1042,1081,1137,1190,1257,1323,1409,1515,1644,1784,1933,2058,2192,2309,2384,2417,2443,2474,2507,2556,2637,2744,2879,3000,3113,3220,3331,3435,3557,3710,3886,4079,4266
2,2,88,894,927,963,1003,1057,1110,1174,1242,1327,1424,1551,1684,1823,1943,2072,2183,2251,2287,2318,2347,2386,2437,2521,2627,2763,2886,2996,3107,3217,3324,3447,3606,3778,3971
2,2,89,768,804,834,863,899,945,995,1051,1108,1182,1270,1374,1490,1610,1709,1816,1912,1971,2009,2040,2068,2104,2157,2237,2335,2457,2573,2678,2785,2887,2987,3101,3245,3405
2,2,90,617,646,679,711,742,779,823,874,930,991,1063,1150,1251,1367,1484,1586,1692,1782,1846,1885,1918,1953,1991,2045,2128,2227,2352,2470,2573,2683,2786,2891,3005,3154
2,2,91,544,577,605,637,663,691,721,762,803,853,903,965,1038,1122,1216,1312,1402,1495,1581,1643,1681,1716,1752,1791,1848,1922,2015,2132,2242,2343,2448,2552,2648,2757
2,2,92,349,369,397,422,449,474,499,532,568,608,656,705,763,829,909,998,1087,1162,1242,1319,1371,1405,1438,1473,1512,1563,1629,1713,1821,1919,2009,2104,2196,2281
2,2,93,305,323,344,366,389,412,436,462,490,522,559,599,640,691,748,819,893,977,1048,1123,1194,1247,1285,1315,1351,1392,1435,1502,1589,1691,1787,1877,1971,2063
2,2,94,245,256,270,284,305,327,347,362,384,403,429,457,488,518,555,601,657,717,786,847,913,975,1018,1050,1080,1115,1149,1188,1251,1327,1412,1497,1577,1661
2,2,95,184,197,207,219,234,254,271,290,309,329,353,379,406,435,467,505,552,603,659,727,783,849,911,958,990,1020,1056,1099,1142,1204,1276,1366,1454,1535
2,2,96,128,136,144,155,163,174,191,206,222,237,254,272,294,318,342,369,399,436,476,524,578,626,678,732,775,807,835,866,904,943,1003,1063,1144,1221
2,2,97,104,109,118,125,135,145,154,168,182,195,209,224,238,258,276,298,325,353,387,424,469,519,563,619,667,707,739,772,800,837,876,932,999,1074
2,2,98,71,78,83,91,100,108,114,127,140,153,166,182,197,216,234,255,279,303,331,364,405,447,498,546,596,650,694,729,765,799,843,882,943,1019
2,2,99,55,58,65,69,73,81,89,96,106,117,129,140,152,166,179,195,217,233,258,282,311,345,386,433,475,524,573,615,645,679,716,757,799,857
2,2,100,121,126,129,135,144,153,159,167,173,182,190,198,200,203,204,203,225,246,266,286,316,347,381,424,472,524,583,648,708,776,837,898,964,1031
